SET SQL_MODE = "NO_AUTO_VALUE_ON_ZERO";
START TRANSACTION;
SET time_zone = "+00:00";

/*!40101 SET @OLD_CHARACTER_SET_CLIENT=@@CHARACTER_SET_CLIENT */;
/*!40101 SET @OLD_CHARACTER_SET_RESULTS=@@CHARACTER_SET_RESULTS */;
/*!40101 SET @OLD_COLLATION_CONNECTION=@@COLLATION_CONNECTION */;
/*!40101 SET NAMES utf8mb4 */;


CREATE TABLE `exercise` (
  `exercise_id` int(10) UNSIGNED NOT NULL,
  `log_file_name` varchar(32) COLLATE utf8_unicode_ci NOT NULL,
  `start_time` time NOT NULL,
  `end_time` time NOT NULL
) ENGINE=InnoDB DEFAULT CHARSET=utf8 COLLATE=utf8_unicode_ci;

INSERT INTO `exercise` (`exercise_id`, `log_file_name`, `start_time`, `end_time`) VALUES
(1, '35_1088.log', '09:00:00', '13:00:00'),
(2, '35_1531.log', '10:03:00', '14:04:00'),
(3, '35_2238.log', '11:06:00', '15:08:00'),
(5, '35_2992.log', '13:12:00', '17:16:00'),
(7, '35_3245.log', '15:18:00', '19:24:00'),
(4, '35_3351.log', '12:09:00', '16:12:00'),
(6, '35_3468.log', '14:15:00', '18:20:00'),
(21, '41_1141.log', '13:08:00', '18:24:00'),
(20, '41_2267.log', '12:06:00', '17:18:00'),
(17, '41_4371.log', '09:00:00', '14:00:00'),
(18, '41_4855.log', '10:02:00', '15:06:00'),
(19, '41_746.log', '11:04:00', '16:12:00'),
(25, '50_1961.log', '12:06:00', '17:18:00'),
(26, '50_2556.log', '13:08:00', '18:24:00'),
(22, '50_3610.log', '09:00:00', '14:00:00'),
(28, '50_3993.log', '15:12:00', '20:36:00'),
(23, '50_4063.log', '10:02:00', '15:06:00'),
(27, '50_4337.log', '14:10:00', '19:30:00'),
(24, '50_890.log', '11:04:00', '16:12:00'),
(14, '58_1415.log', '18:12:00', '20:36:00'),
(10, '58_1482.log', '14:04:00', '16:12:00'),
(9, '58_2374.log', '13:02:00', '15:06:00'),
(13, '58_3597.log', '17:10:00', '19:30:00'),
(12, '58_4156.log', '16:08:00', '18:24:00'),
(16, '58_4354.log', '20:16:00', '22:48:00'),
(15, '58_4552.log', '19:14:00', '21:42:00'),
(11, '58_5194.log', '15:06:00', '17:18:00'),
(8, '58_5424.log', '12:00:00', '14:00:00');

CREATE TABLE `faculty` (
  `faculty_id` int(10) UNSIGNED NOT NULL,
  `title` varchar(255) COLLATE utf8_unicode_ci NOT NULL,
  `titleEnglish` varchar(255) COLLATE utf8_unicode_ci NOT NULL
) ENGINE=InnoDB DEFAULT CHARSET=utf8 COLLATE=utf8_unicode_ci;

INSERT INTO `faculty` (`faculty_id`, `title`, `titleEnglish`) VALUES
(6, 'Еколошки факултет', 'Faculty of Ecology'),
(1, 'Пословни факултет у Београду', 'Faculty of Business in Belgrade'),
(4, 'Технички факултет', 'Faculty of Technical Sciences'),
(3, 'Факултет за информатику и рачунарство', 'Faculty of Informatics and Computing'),
(2, 'Факултет за туристички и хотелијерски менаџмент', 'Faculty of Tourism and Hospitality Management'),
(5, 'Факултет за физичку културу и менаџмент у спорту', 'Faculty of Physical Education and Sports Management');

CREATE TABLE `lecture` (
  `lecture_id` int(10) UNSIGNED NOT NULL,
  `log_file_name` varchar(32) COLLATE utf8_unicode_ci NOT NULL,
  `start_time` time NOT NULL,
  `end_time` time NOT NULL
) ENGINE=InnoDB DEFAULT CHARSET=utf8 COLLATE=utf8_unicode_ci;

INSERT INTO `lecture` (`lecture_id`, `log_file_name`, `start_time`, `end_time`) VALUES
(9, '3_106.log', '13:40:00', '15:16:00'),
(2, '3_141.log', '06:05:00', '08:02:00'),
(6, '3_182.log', '10:25:00', '12:10:00'),
(3, '3_200.log', '07:10:00', '09:04:00'),
(10, '3_207.log', '14:45:00', '16:18:00'),
(8, '3_213.log', '12:35:00', '14:14:00'),
(11, '3_240.log', '15:50:00', '17:20:00'),
(7, '3_292.log', '11:30:00', '13:12:00'),
(1, '3_30.log', '05:00:00', '07:00:00'),
(5, '3_46.log', '09:20:00', '11:08:00'),
(4, '3_53.log', '08:15:00', '10:06:00'),
(25, '35_1057.log', '08:00:00', '12:00:00'),
(26, '35_153.log', '09:04:00', '13:03:00'),
(28, '35_227.log', '11:12:00', '15:09:00'),
(30, '35_2762.log', '13:20:00', '17:15:00'),
(31, '35_2885.log', '14:24:00', '18:18:00'),
(29, '35_3432.log', '12:16:00', '16:12:00'),
(27, '35_48.log', '10:08:00', '14:06:00'),
(22, '5_105.log', '18:40:00', '22:30:00'),
(13, '5_158.log', '09:04:00', '13:03:00'),
(24, '5_242.log', '20:48:00', '23:36:00'),
(18, '5_311.log', '14:24:00', '18:18:00'),
(16, '5_317.log', '12:16:00', '16:12:00'),
(19, '5_353.log', '15:28:00', '19:21:00'),
(15, '5_36.log', '11:12:00', '15:09:00'),
(14, '5_387.log', '10:08:00', '14:06:00'),
(20, '5_445.log', '16:32:00', '20:24:00'),
(12, '5_45.log', '08:00:00', '12:00:00'),
(17, '5_494.log', '13:20:00', '17:15:00'),
(23, '5_57.log', '19:44:00', '23:33:00'),
(21, '5_80.log', '17:36:00', '21:27:00'),
(33, '58_1802.log', '12:04:00', '14:05:00'),
(34, '58_1832.log', '13:08:00', '15:10:00'),
(38, '58_2542.log', '17:24:00', '19:30:00'),
(36, '58_2784.log', '15:16:00', '17:20:00'),
(35, '58_3961.log', '14:12:00', '16:15:00'),
(39, '58_4232.log', '18:28:00', '20:35:00'),
(32, '58_4555.log', '11:00:00', '13:00:00'),
(37, '58_4901.log', '16:20:00', '18:25:00'),
(40, '58_5152.log', '19:32:00', '21:40:00');

CREATE TABLE `staff` (
  `staff_id` int(10) UNSIGNED NOT NULL,
  `name_surname` varchar(128) COLLATE utf8_unicode_ci NOT NULL,
  `email` varchar(128) COLLATE utf8_unicode_ci NOT NULL,
  `password_hash` varchar(128) COLLATE utf8_unicode_ci NOT NULL,
  `role` enum('admin','assistant','professor') COLLATE utf8_unicode_ci NOT NULL
) ENGINE=InnoDB DEFAULT CHARSET=utf8 COLLATE=utf8_unicode_ci;

INSERT INTO `staff` (`staff_id`, `name_surname`, `email`, `password_hash`, `role`) VALUES
(1, 'Марко Дојкић', 'admin@universityMail.rs', '$2y$10$S/RkjID.nFp9jrnw54VEyu8fNT2EnnSx549s1xTsEY8JPo25/Vzl2', 'admin'),
(2, 'Ivan Petković', 'pIvan@universityMail.rs', '$2y$10$9Sik9osFJ8irpgaQWBzg2eApfKeyw0vCII4pgLJSXWeJ0WIn.gpFK', 'professor'),
(4, 'Milena Stefanović', 'sMilena', '$2y$10$Z/xa74GMlGcxHWBFBWaFbOYR/PTmuDeIxmQ73aRsiMHgTLmaZAG5.', 'assistant'),
(7, 'Milan Tair', 'milanTair@universityMail.rs', '$2y$10$JrntU3O3DLrAfx93RYxmou3On8Rk/DNnQ1.bhbOFUFxw.DZiAXf9O', 'assistant'),
(9, 'Ева Туба', 'tEva@universityMail.rs', '$2y$10$/FIBat/kMGrD/e93/ZmcX.8KsyKBPk.UvO6XjtaGORtjSBv1pO1mW', 'professor'),
(10, 'Milan Tuba', 'tMilan@universityMail.rs', '$2y$10$2MNADKe85Tx8rBKTtEpyyug6jkfHqkcUigx34OkXHmwrQB6H4n6Ae', 'professor'),
(11, 'Petar Biševac', 'bPetar@universityMail.rs', '$2y$10$F07bxYaO.0X05onLii5FhOehMjilhf3eS5VaJQJbAJ6014pxLWLoW', 'assistant'),
(13, 'Ана Благојевић', 'bAna@universityMail.rs', '$2y$10$7U/mAFTKxK6T39dapUU9KOhkKy0Rvoh.YBmX9sQNMctUxqOtpP.wy', 'professor'),
(14, 'Saša Adamović', 'sadamovic@universityMail.rs', '$2y$10$jo5DE2uEtSjbB9/vpbk5iedD2u17ov4mo7D15B67JMvyurVtXeVzC', 'professor'),
(15, 'Миливоје Ристић', 'Vn4jtR1b@universityMail.rs', '$2y$10$Ehs3E.lorxCZnXKVWsGOQedi5BrBLQ6uzDC0FGweJB9C.6twhkKhu', 'professor'),
(16, 'Југослав Малешев', 'WFLaKIk6G@universityMail.rs', '$2y$10$hUDsfszyRQBn42SHWwhTLeu36/M0JgWaf0.pGLjNV6FSFqLzIfkyC', 'assistant'),
(17, 'Сежан Цебо', 'hS6w3p@universityMail.rs', '$2y$10$tMykKKrwTiFgWWEEX1ATmeQ4KzFzeF8wSh8.MI0C4VuUDpNYbKJf.', 'assistant'),
(18, 'Вукашин Зечевић', 'YySTozA@universityMail.rs', '$2y$10$kdSgROCKWx4GJz8MEtJDseako6VNwGtp2fb5.O8lqzQh6tkycherS', 'assistant'),
(19, 'Аца Зеленовић', 'rhGDSJ@universityMail.rs', '$2y$10$21W2VrN7q6h2Iqsfj8g71uGj1cM1kPQlmeOYJaaBoph2IhZzul892', 'professor'),
(20, 'Драгољуб Вукашин', 'z6J1TPEkGA@universityMail.rs', '$2y$10$qOQ/B0Koe15CaW812cSLMObE/EnL5hiGR8AzA58Odrcz3AbI1OklK', 'assistant'),
(21, 'Драгомир Секулић', 'XhPrz2e@universityMail.rs', '$2y$10$6oONC2jey6Aovt7F51LAzuuZ5eB3KtlSz5t/OJ2KSYYXV2M22Ky8G', 'professor'),
(22, 'Миленко Ерцег', 'gOBqO7y0@universityMail.rs', '$2y$10$EgVvH3MO/fSpoZW3g0GMnu3T4h5LOv9HBI7HONyZGc7eCVfMaz5VC', 'professor'),
(23, 'Видоје Болић', 'Y32tO3CxayPh@universityMail.rs', '$2y$10$1W81m17HrYrvnS0qmqwz4ODLXyxYuinYRx7G56PZY3eYT99nllov.', 'professor'),
(24, 'Игор Бјелић', '7gJhtnQCGC@universityMail.rs', '$2y$10$oZZBrcDJjzqER7fMXxqo7OvbGdYPlXZIaNc6CGSzSmF304blHONTO', 'professor'),
(25, 'Светлана Трифуновић', 'R5heCz@universityMail.rs', '$2y$10$RM4FjaFg1.IXKdPiplzY4Onpj/mbzHbsoSiG5/Ys0uelbSgX2YhEO', 'professor'),
(26, 'Синиша Вуков', 'BGZewUfdp@universityMail.rs', '$2y$10$xaoPDlJT233bawvqBtqvpeOnR03cHOdTsegxYL8bfsEyFXz/QEfIG', 'professor'),
(27, 'Вуксан Вук', 'LvKZbbF@universityMail.rs', '$2y$10$mjS.V74LVQonfQXM/A60ROAJLBIxwhJpNr.9cZI6ZNlBQMg1QsbU2', 'professor'),
(28, 'Огњен Протић', '8makCi8TD@universityMail.rs', '$2y$10$/zeXvucbIgmrfv0lFH0nAuL2LC5Yg5DizRM5gSJCAdI/WwmSzxFjm', 'assistant'),
(29, 'Југослав Никчевић', '0P9JwSNy@universityMail.rs', '$2y$10$4wlGor1g9.jBeiemAIfkauB1Y7ksbVz0HRTSu2vp6JXqf0qWjS/qe', 'assistant'),
(30, 'Синиша Жујовић', 'gpIJi48Jg@universityMail.rs', '$2y$10$wc04Od7XdTauhypZl.Z2wuTvNgokgXKRcq3y4ROauHQccMilAQQSG', 'professor'),
(31, 'Предраг Шкоро', 'aX5UB48n7@universityMail.rs', '$2y$10$P1uEfhXc6uZJruOUpAvBjOYQ6Ge9VowUYlKy7ufsQ0knZMKfLR0Pm', 'professor'),
(32, 'Рашко Јевђевић', 'LroBVLlS@universityMail.rs', '$2y$10$XqiO5b6bex1T0BritOg3JOZdcLQ049dgdJ831BFSUZcauy./Gu2XG', 'professor'),
(33, 'Гаврило Драгомировић', 'kINdqjNcM@universityMail.rs', '$2y$10$jFP2qmyk.Fq2/0lIwvObg.gcR6af.y1ADtou3FDY6LqUKTwaSyPZy', 'assistant'),
(34, 'Берислав Ловрић', 'mSp2brP@universityMail.rs', '$2y$10$d3mmpJHbLK4qN2HsAhnpd..pNckI2y8W14IgvQ8DX9OK5JVxqEqpW', 'professor'),
(35, 'Сава Беловук', 'cK3OMytC@universityMail.rs', '$2y$10$l9QZ02k3Ver4gBgDNu332ect1Vah4dpNKiDh3kw/tGuc/OHyCTZD2', 'professor'),
(36, 'Берислав Спасојевић', 'qnLDZ8PJ@universityMail.rs', '$2y$10$dPOdLo2UAsoggPqu7fYMX.HtEmbKki3UozUehgJQWgH4RhSRgi9Sq', 'professor'),
(37, 'Вујадин Чобановић', 'nqbjfIjAz@universityMail.rs', '$2y$10$JORpyDCXUSvDzyJwOC/eCuRy/y.xZfM1BzVTTRPSRAIXC1GxeJ3s.', 'professor'),
(38, 'Вукашин Башић', 'oMVNga0B@universityMail.rs', '$2y$10$hjBbiDcjMxfEz7asiUali.AAYIbTOATUMoXM3QT8CF9OK5PNTM1rW', 'professor'),
(39, 'Берислав Принцип', 'h7hFT2m@universityMail.rs', '$2y$10$ANWrwss43QzaNXy.BPis7u/fxeq8jEgj29GpmzoaC1UlKd9WmsPUa', 'assistant'),
(40, 'Костадин Томашевић', 'ZePFfrp@universityMail.rs', '$2y$10$X/jIDMjKAUrPrB9NQ99MdOaMWd8wcMV6huHL4RlSN8j1djtwLVyqK', 'assistant'),
(41, 'Обрад Милан', 'vsBkALvxAM@universityMail.rs', '$2y$10$y6R0Arc96ry5QleWgzAiheEKHni0rEYmPc2ATKFFFPoA8FlTtm8Te', 'assistant'),
(42, 'Душан Бановић', 'uCSJIYzXF@universityMail.rs', '$2y$10$/hlD8zKagFzeNHoCJicVz.n/FBCxp7osnxyezbmzPsN2Md62cSm8q', 'professor'),
(43, 'Златан Иваштанин', 'bwgBSWEy@universityMail.rs', '$2y$10$3NKmBpGS2RqvQHE6E9JYReo87osRm0qFik6ovvm7UuIffeF.EBJI6', 'assistant'),
(44, 'Ђурица Матијевић', 'DanzPMKup@universityMail.rs', '$2y$10$x3pMHPKlrQzZNnx9pMcgcuA42JKb/FZApEydlFVJOCR0gkqNZDgne', 'assistant'),
(45, 'Обрад Ђилас', 'uWGBb7@universityMail.rs', '$2y$10$J1ntOzUlcmgWz2tbUMGzsOs6.X9sT64x6oq/ISiw/ytFQo7M8Hqwm', 'professor'),
(46, 'Стеван Каминскy', 'wT5zYdj8@universityMail.rs', '$2y$10$tOUFiggLszPlCeJBTw4kp.yIkhar5MP/F3rZmLm5i8KV7BKXY1/lG', 'assistant'),
(47, 'Вељко Златковић', 'KXIoXrFOi@universityMail.rs', '$2y$10$J3ajtvO4GmCC2xAR1YbU3uho1Q8TNQ9yw/IAjPsg77gsuzxC2hhtm', 'assistant'),
(48, 'Љубивоје Палић', 'khxECPf@universityMail.rs', '$2y$10$L4yoeaRW4rfYxxCP.89FPeXph/LaVeuDm0u9KnlagxJqDg6ifzIEC', 'professor'),
(49, 'Дражен Лекић', 'HC6kMseh@universityMail.rs', '$2y$10$xbyVnSz1dbxB65mlOGdFz.HgAowSFNf47Rmzb03pYYgxYHEH1Rfk.', 'professor'),
(50, 'Аца Јововић', 'RKkfR0y@universityMail.rs', '$2y$10$0EBVkzHYv7YVUETDDXsCBeyjd34J2vxKm4ZeZFhbdct./IfHeqkh6', 'assistant'),
(51, 'Данијел Човић', 'aLFtufH@universityMail.rs', '$2y$10$UNipOpxQPJGoHiqiGdjkH.DmB8ed7umHu6ZghYC5ZKjxIeYQPgbEO', 'assistant'),
(52, 'Никша Кујунџић', 'Rnt31ROVp@universityMail.rs', '$2y$10$N5tv.bySS5UheX4Mpw4qHev/ZXGQr4FTiVg8cen27WC1MZuCqeYMy', 'assistant'),
(53, 'Дражен Зарић', 'nYhrpOqjkKI@universityMail.rs', '$2y$10$773Vrg4zBnbUYCqrPgFP8O0nMDycKaOJBN8VfaAQYY4AQHIvb8Wyq', 'professor'),
(54, 'Рајко Богуновић', '3mvUTH9L0@universityMail.rs', '$2y$10$EDmbSihpHp9teSYOk8e1QeHcD4zTvzSYoYC29Jdx1.JGPz9ihSj1a', 'professor'),
(55, 'Жељко Радосављевић', 'FTdo3nu@universityMail.rs', '$2y$10$h/gnxrKjRZe6lKKoMpHrpOfX.8DVE6Bf5lIeVTwHptYX0N0GeheSG', 'professor'),
(56, 'Радослав Јоцић', 'mCamtFd@universityMail.rs', '$2y$10$AM0kFCWzY0bnemk9cRuOvu6PjhR3jrbVpYAW/YSkDoGcTOhoru2/S', 'assistant'),
(57, 'Јанко Перуничић', 'aDD4YKRf@universityMail.rs', '$2y$10$w.Zl1MKugPakytFHjiH8Eu7vELiSkRQqUz4nJebxTJcJJ9Ip/aWva', 'professor'),
(58, 'Мирјана Карађорђевић', 'pbFFP67@universityMail.rs', '$2y$10$MZaqe00t0UdNGyQ6CEFG8eNSC6VI/xjncODAwOo5OVJ2jVmTh1Cz2', 'professor'),
(59, 'Љубица Ширкић', '8HzIF2nr5@universityMail.rs', '$2y$10$6nf0XZwzPw./0t62fCX5B.nyQh3D.l9cTq/n1.L8jZkfamZqNlB0a', 'professor'),
(60, 'Бобан Недић', 'y076U1w@universityMail.rs', '$2y$10$f39KTGa.O4ZU6qrx2WGkVu2XqNMo3Q1vb6stofv7hQo3/qF6hlWaS', 'assistant'),
(61, 'Микица Калаитовић', 'ojexqzwtedl@universityMail.rs', '$2y$10$3Zx1HNy8avnxOXPkWc1E3e5uH.v641MYr.lUPGKdW5Py7IDhDmwRu', 'assistant'),
(62, 'Јаков Новаковић', 'e9gTQTx@universityMail.rs', '$2y$10$cNA0EArL4HVaAZkmm3avW.8bBenvbwJ3f/40dLAE2q6Hk5zi7xxmS', 'assistant'),
(63, 'Десанка Матијевић', 'xb5QZmsv@universityMail.rs', '$2y$10$vQhnvqMx4OlapCODpfO/4uFuSt6tzRkBaqg0Dub7XHHqOegCbtA9q', 'assistant'),
(64, 'Зорана Звездановић', '6PrlZaF8@universityMail.rs', '$2y$10$CIunvJlrBTVNasMcHuRDfORz7Gbv/2ChOGwn2QIKrfbXnPZPklX2K', 'professor'),
(65, 'Бојан Топић', 'nXM01s6g@universityMail.rs', '$2y$10$pqu32qv1t2grQKt0N0Nqae.apnKlXtxoo6IRHArNohOmrhgqHd05u', 'assistant'),
(66, 'Милан Кујунџић', 'qQRGkKZa@universityMail.rs', '$2y$10$djDV.RVDOAn4fbQUgmmdAe7CwLfd8XtmIj9AbHEhfF28iLMq4sZl6', 'professor'),
(67, 'Драгомир Новачић', 'ZHvBasNqM@universityMail.rs', '$2y$10$GYL75WHRmNvdiQhBfbFxj.og/zbkjx6ky7vs2HyAJ.OaSulqd1MA2', 'assistant'),
(68, 'Драгутин Томаш', 'AfvMisrYLo@universityMail.rs', '$2y$10$2GuIIzoGqyWN.0Yl49sLUeQs3SEROTgjFB9ZdwJZ9bMn3xm2py986', 'assistant'),
(69, 'Мирко Звездановић', 'Cz16T0wO@universityMail.rs', '$2y$10$Y/IXFccIYLY2Qgp9yH7JEuO63GIo3TDEiqOp/mUmL1iBPTZ9NgB82', 'professor'),
(70, 'Анђела Зиндовић', 'mjCFXfe@universityMail.rs', '$2y$10$03TMqqH0yLkwYDMFxq7c0e3MRsPFL7HhnQeCEFuGVCTaZ1UIYfIru', 'professor'),
(71, 'Велимир Панић', 'loz9NchG@universityMail.rs', '$2y$10$OSi/fkt.eU972ivr.kPnjeU2eWReuGhOeaKXVTRSiqegaz7Cy3Pu6', 'assistant'),
(72, 'Миладин Јауковић', 'SPvY3I2@universityMail.rs', '$2y$10$lexVWj4NcSORj2VBZlJkyuu9fM.JTkpYMVq3JgrRsvEKKnpdpa7xu', 'assistant'),
(73, 'Драгомир Ивањи', 'XpCEJw@universityMail.rs', '$2y$10$WCh6.XjEE8LewPvdKxvL2.Xw8cTGQu2xYzbsBU7FeB.Pi5pt9T766', 'professor'),
(74, 'Радојка Бошковић', 'LE8ido3Q@universityMail.rs', '$2y$10$Am0jw6QQM7vhSxJVnEjgUuPVvpe90YH/X0zS9yz.dMq7piPKHZhhi', 'assistant'),
(75, 'Предраг Аговић', 'x4gvKCf@universityMail.rs', '$2y$10$VZ/rGUee6yF9LXwobZWHbOM0XDzfxnNo5T8d02QIr/fbtBWLlKScu', 'assistant'),
(76, 'Небојша Новачић', 'DPPx5K4V@universityMail.rs', '$2y$10$.3gHuc6UUdvVw74AJQ.a/uVp4k3BDHBVbVlDi83B0K7nG9P8jhKxi', 'assistant'),
(77, 'Средоје Арслановић', 'qOx5E7nQb@universityMail.rs', '$2y$10$yORZE88TN661KRB9K6QRA.XxORJBjXOu57Jhugtxmy2UTSfFDmAo6', 'professor'),
(78, 'Борка Сабо', '1jq4sdc@universityMail.rs', '$2y$10$ivDJMe8zhvIt2jE.8E/lqeE8ecn0D9A9Q68.jf/ywwR/XFXpk5.12', 'assistant'),
(79, 'Цветко Кукић', 'Oc7vGVll@universityMail.rs', '$2y$10$FJmn4ih9xrWdnhsg9PDxK.lfrvumWvEKV/dO6C54leLOd/ZcsRgci', 'professor'),
(80, 'Вељко Вучковић', 'PCrJUHDSVF@universityMail.rs', '$2y$10$epftMHARBtT5w/vrxsZN4O2Swr5/7giwrBb29RScNQDIdj8tfG1aG', 'professor'),
(81, 'Миливоје Копривица', 'FJHMfh2w@universityMail.rs', '$2y$10$egnBiRlPJDpw//hwy7niyeJZTL6noZfRg1V8q101d8GFAoBl3xMne', 'assistant'),
(82, 'Ђурица Јевтић', 'Il10Jmx@universityMail.rs', '$2y$10$LqfLrgeN4/UcbR2wSyDjYOGLLnSZbV1jd2dByMMGq.tgjXEwOwE06', 'assistant'),
(83, 'Мирјана Шарић', 'uTOuYpa@universityMail.rs', '$2y$10$sw3AeEeJ0ZAc4iMF6V74rO.nRCmxnqzdAWF8ZRLAMFW5XC7/10Fvy', 'professor'),
(84, 'Боривоје Гогић', 'NCB1QUOlahwb@universityMail.rs', '$2y$10$nz71sbctTIbCevobPembL.PuMWOVtMdb5a1T7H9..agJYEmiT8m4q', 'assistant'),
(85, 'Иванка Павлић', 'SvacjJOi@universityMail.rs', '$2y$10$JGzUH5Z9TsFOVY0HNOLOkOnbjZcx2F5gZHCkwrxXv7pkqXcRytOg6', 'assistant'),
(86, 'Душан Цар', 'yCkWfmO10@universityMail.rs', '$2y$10$pcOB7eUVXggYk4ody0AGweq.fkSaPqzuHZNOHkSdpeUNlJBgxbQty', 'professor'),
(87, 'Живко Јањуш', '190MV9pp5@universityMail.rs', '$2y$10$Fo14P5WxD4oCJYrryMuhKu5O1nnMBXp9KADCvexdL/.mOyVhGWiUK', 'professor'),
(88, 'Димитрије Кресовић', 'TD4f7u@universityMail.rs', '$2y$10$YzTAoZVtZSrexjHQ1L4oqe23QY6tobqEmvygUEz7sowbyiv.Y/pNu', 'professor'),
(89, 'Маринко Зеленовић', 'PI0c2KDtBG@universityMail.rs', '$2y$10$thgUn.NbQkiZybVl.lXAZu4CqrcB6E.Hvw5F/9kjJcpZLGc59u9Xm', 'assistant'),
(90, 'Драгана Новаковић', 'F49lanvF@universityMail.rs', '$2y$10$LbhTtt9Z8HmqkczKLA7fxup17TVjJduS8E8ihDBdGbY1fQ70ohICS', 'assistant'),
(91, 'Добрица Пашић', 'E6XSkWZD5@universityMail.rs', '$2y$10$OwqqQOn7dLQL27.Gql4h7ePNUKq4GSK2XJIvn2UG6fIrx/tKFSImO', 'assistant'),
(92, 'Владислав Родић', 'C7ag63yq@universityMail.rs', '$2y$10$Kf0QBzg5tpFMZJ3rtilVj.KggULGc29s.JVVM8jqAtswnJkqso0c2', 'assistant'),
(93, 'Стојанка Обреновић', 'yp4iFm@universityMail.rs', '$2y$10$DzH59C6R7CG0qBnCKIXSr.B/WkphA5PVEhMjIFX10.uSJZIREs6Em', 'professor'),
(94, 'Драгомир Арсенијевић', 'ARuYrM6MX@universityMail.rs', '$2y$10$lXjeDG8u.4zQ2tVucPZPmu3NVU3XxuVp5aTf0MEPtWqUXEUU4zcfi', 'assistant'),
(95, 'Милица Ђуровић', '0vqtsa@universityMail.rs', '$2y$10$J1u2iV6EmeBvQgFdtCY.9eLZKXuwQwjupf36aYDZgqIXX3zOwFHdC', 'assistant'),
(96, 'Ненад Мариновић', 'ivxA2HME@universityMail.rs', '$2y$10$mS1EojF0kISjhow/l087HuGa4AONHMXG0OkgoBiH.Q5T5oqG18o3m', 'assistant'),
(97, 'Радоман Бајић', 'ZTRlYTiX@universityMail.rs', '$2y$10$rG9orGatonW4BURlCyCHdu40ZrY1gKUJpT8KqdY72g/8ZEKP6c8sS', 'professor'),
(98, 'Славко Андрејевић', '67wbyQytR@universityMail.rs', '$2y$10$d3WpViHkg80jRPd7Yx1RzuzmzXNdOVmhcF8Wq92EkMkqK1M8qVRxu', 'assistant'),
(99, 'Слободан Вујачић', 'jWH04K5rP@universityMail.rs', '$2y$10$0n50ztMCraOZ5KIgxFxWe.WMCGrnAsOGJX8A7ddqg74ftOPfrUOoy', 'assistant'),
(100, 'Ђоко Златковић', 'oXYhcVZQa@universityMail.rs', '$2y$10$C43l18vQJuRSclMRumUtw.QvVMaC6WRdkP1DoHQiat41MfzGMuWL6', 'professor'),
(101, 'Даринка Радмиловић', '5pf8vdA@universityMail.rs', '$2y$10$YziBrUjSLqHbiP8R0a9K1e4fHRBhFKOaNyoES26WhLsh1xzDGrhgC', 'professor'),
(102, 'Смиљана Шћепановић', 'ZNqHwy4Nt@universityMail.rs', '$2y$10$Yx0JauA1e8LSNtBVvqZji.IaBlxJTbYEgqO73aQ2O/MkdOAZgAXzS', 'assistant'),
(103, 'Бранислав Вујовић', 'P9Yn4AQ6U@universityMail.rs', '$2y$10$wB87/iQg4PPPDckXNJTiKOhVac7JhXOAWz1YsDLUii/Yod36rCYvO', 'professor'),
(104, 'Милутин Шарановић', 'a9NXFUe@universityMail.rs', '$2y$10$zqKReQZkpqNRf2G.hfeKbek903PZHu4uRKnzBWQkXnj1BZUsTHG3C', 'professor'),
(105, 'Драгомир Вукчевић', 'M9ntx5iTg@universityMail.rs', '$2y$10$u6mHxdLEIhrXaOLLqvi4EeP0OYCh9GZr8cyhkWka/axJvN3OqtP7e', 'assistant'),
(106, 'Адријана Калабић', 'DuHAu1@universityMail.rs', '$2y$10$lnPmzlLEjV2NxzbFiFOMJ.0CD.iM4u4G6hvunz4ziKJb6zyD7Lp6a', 'assistant'),
(107, 'Митар Радовановић', '4WLDEg@universityMail.rs', '$2y$10$CFgIrbnSCONQx7FEEfqGU.F2c8cNJbKwNoELnFlpi/e2Sn0qQAwvW', 'professor'),
(108, 'Радич Шараба', 'dDy9zIM@universityMail.rs', '$2y$10$YSovrQus7lGUy7pNJTjgdeiIPajRza28cK.HIxypLXF./uL5Fcz8S', 'assistant'),
(109, 'Матко Булатовић', 'KvvBCZA@universityMail.rs', '$2y$10$SqE63CYGoT.u97xSwzqr8O6CxDpmgw/AO9Ia0KnTYchZUtQo5HfgO', 'professor'),
(110, 'Зорана Шарановић', 'vVdbQay@universityMail.rs', '$2y$10$ypJ7WOOvO8vDxvXStslNB.qbnmnw0SPqqt2mKlZVqjZJNz3vU/Skq', 'assistant'),
(111, 'Миладин Тешан', 'PZ7EiW4@universityMail.rs', '$2y$10$k4aFFs26GD1nI17jDPZOuOYWUQbS9SsQFhb8FtBeecfCmgVBw2at.', 'professor');

CREATE TABLE `student` (
  `student_id` int(10) UNSIGNED NOT NULL,
  `name_surname` varchar(128) COLLATE utf8_unicode_ci NOT NULL,
  `indexNo` varchar(11) COLLATE utf8_unicode_ci NOT NULL,
  `password_hash` varchar(128) COLLATE utf8_unicode_ci NOT NULL,
  `studentEmail` varchar(64) COLLATE utf8_unicode_ci NOT NULL,
  `study_id` int(10) UNSIGNED NOT NULL,
  `enrolledYear` enum('1','2','3','4') CHARACTER SET utf8 NOT NULL DEFAULT '1'
) ENGINE=InnoDB DEFAULT CHARSET=utf8 COLLATE=utf8_unicode_ci;

INSERT INTO `student` (`student_id`, `name_surname`, `indexNo`, `password_hash`, `studentEmail`, `study_id`, `enrolledYear`) VALUES
(1, 'Анђела Жилић', '2016/283054', '$2y$10$aUl3BJ7Nzioqf8/CZmTL4.wT1r2Pe2YA3T4ecGl2pthij6gjYt3c2', 'bxlTEFyi@student.universityMail.rs', 3, '4'),
(2, 'Момчило Срдић', '2006/246337', '$2y$10$76CIB2Bn0v5Mzm7NCCfqNONX85m5XFnTwqXw0zb5kD7nzQU.1DS12', 'ootcZjWqG@student.universityMail.rs', 4, '4'),
(3, 'Жарко Врховац', '2008/225118', '$2y$10$SEcdDquzSqvQaPXbo2cjSewO0b6nwj5dJTO9Je/ln0LaVmI4dPiOK', 'pYmASAF@student.universityMail.rs', 7, '3'),
(4, 'Средоје Ширкић', '2009/287521', '$2y$10$3Lw0rXBJYmRQpQyTK.UPfuOjVONJwsN5d.lnsDViSsnYMipK3K4e6', 'AVcsuCPy@student.universityMail.rs', 8, '2'),
(5, 'Бранимир Алановић', '2012/257365', '$2y$10$qoAYWwVB8PJub7KDNCNGLOuoiaVy3nUhNBG2eQPbCIRSfS2g/CDQS', 'KnEAEEC@student.universityMail.rs', 5, '2'),
(6, 'Вишеслав Максимовић', '2000/295280', '$2y$10$M7aOYU3qkJFAAzV60nc5mOLMxVvMhQvy5uFg7cU6XuhY6MVDN65Y2', 'ySJpvFPXEP@student.universityMail.rs', 12, '3'),
(7, 'Бошко Ћирић', '2017/228271', '$2y$10$bxMI9U4WsvjT1lwASEE.nOoGwUlTXNOb9patgUux3jDv4JLFQe3tm', 'iBPBeZqrtg@student.universityMail.rs', 13, '2'),
(8, 'Влатка Јерков', '2019/254085', '$2y$10$4kjagus9eZmiC3YMUfqsuOPiOjVJ97WDpYPPqu1U3Ukn1Ile4CDuy', 'iLMDidVb@student.universityMail.rs', 3, '2'),
(9, 'Миљан Радовановић', '2009/251684', '$2y$10$0LrpqzGfWiE47DNz0hoRDujgUpA7nbql.Kdwteb4OdaJrI45DPOKG', 'MPBymEX@student.universityMail.rs', 13, '3'),
(10, 'Бојан Пелак', '2010/222761', '$2y$10$ivniwRDPUBlrnxxVKbAN6OPEQ.o0zrVvVZc6PhdSfU/j1cIpv9zUe', 'lxRnOBUG@student.universityMail.rs', 5, '1'),
(11, 'Цвијетин Коничанин', '2000/246334', '$2y$10$ufKeUowEK8gJbNb8vB0o1upS9Cow1j6cY27HVOBtPw81Uxrmgo2uu', 'iACiEqDTVOB@student.universityMail.rs', 1, '1'),
(12, 'Сретомир Доклестић', '2000/256887', '$2y$10$S77gNMjVX9R6wTyDWjQ5Me5fGzuZQJbH.Bj95/zeDsrTqHohcEz6e', 'ggufty@student.universityMail.rs', 16, '2'),
(13, 'Веселинка Радиновић', '2019/224260', '$2y$10$wbUD/a1XMGqv/uLZqPyDs.21KkpbMyoMyNM9GwBCAf9.mfDsvf1QO', 'sAnppKsudrub@student.universityMail.rs', 5, '3'),
(14, 'Вукашин Андјелковић', '2011/254131', '$2y$10$nHgeOrY5R5w3.jpWgVOQfO7VnlyW7n0w2pFa9tj7KNKqoE6sFTx5m', 'Dulqfh@student.universityMail.rs', 6, '2'),
(15, 'Вујица Којашевић', '2002/271863', '$2y$10$lO9bz5MqJNz4OCl6ENWe5OSPJu6XlzgsBEjHsE.02qiRln7bgahCq', 'UUlGGCR@student.universityMail.rs', 1, '4'),
(16, 'Страцимир Милутиновић', '2009/283985', '$2y$10$nPIm9okZ.gHDv39D4jKwuOZSPPGDg61JoHoCYrurX0r3VfD2cXVDy', 'GtBVEJV@student.universityMail.rs', 17, '3'),
(17, 'Дејан Бандовић', '2018/276355', '$2y$10$Tz15R40ULbR/AjvaXKBJE.zhWRdLChFvln7HzZEvPNBSBrsERUh3O', 'abmzQbpxa@student.universityMail.rs', 13, '3'),
(18, 'Славка Јозић', '2002/276137', '$2y$10$fN1fFFS3QyliHDjNe6Ob0.KaxeeZc0VUalcsLXcai41FOYlw5j6SC', 'zvfmuqL@student.universityMail.rs', 6, '4'),
(19, 'Југослав Топић', '2019/281815', '$2y$10$ThwhP6kKNSwVdH9olOy8JuWrF.lepCYBJbnC1jdHgas/awrc3V6fK', 'KHJNxE@student.universityMail.rs', 17, '3'),
(20, 'Мирјана Станић', '2012/280831', '$2y$10$D41Ki.DwNeUbcLEKqcYGbuJPDUI7zfn0C52Gkepg6QHP4Qc7MCNue', 'vvttEFbJkO@student.universityMail.rs', 6, '3'),
(21, 'Душка Дедић', '2011/277496', '$2y$10$OAkhH87gc1z1mvblJS9fKOY4W3bPCiVCLdoUzE6hu0n.g03Q72IPq', 'xYcbfjVyD@student.universityMail.rs', 5, '1'),
(22, 'Стојанка Вукелић', '2006/299347', '$2y$10$STr9d3EZc0f/bZTYlMJlJ.dXmIbnFTkunNrRSut3tbH7HRShtuZH2', 'VRsaXCoXlRtT@student.universityMail.rs', 9, '2'),
(23, 'Зорана Гајић', '2004/286824', '$2y$10$f5LWRNo0HwtUFbj6cFLUb.M4s9g.5Z7oeY95f1MQOsmm3say20ipW', 'CwsrpofYR@student.universityMail.rs', 3, '1'),
(24, 'Гордана Талија', '2012/227211', '$2y$10$lfTYl5i9nqs8mOyBMJQNFe4uIdZKbXQvxIgDhAoPSZKpS7glKH7Pq', 'RwllUY@student.universityMail.rs', 16, '4'),
(25, 'Иван Гогић', '2007/200103', '$2y$10$c7ovN1RRcd66PQP6aweLOO10EnkDu6C8aanXAfSk5JfOvaXnWkqOC', 'LxdCLlBWxI@student.universityMail.rs', 2, '1'),
(26, 'Љубинка Делић', '2019/281037', '$2y$10$upRkrTaoYqc7g6w0Vcl8GeoHRFlpWbEThDGBWP09FBdWL.1gXn5nC', 'CZgoBcK@student.universityMail.rs', 14, '4'),
(27, 'Чедомир Дојкић', '2016/247277', '$2y$10$v7c3KNtUPrl38xMxAxPVQOwZACvg6LaiC1Af0PxFXOuLW.bmdcY22', 'zcuNLg@student.universityMail.rs', 7, '4'),
(28, 'Коста Иванчир', '2007/282179', '$2y$10$iUfDqLLEcxG0EsmfJxbLS.lGbnLBwoAo0rZsyIhrN2.rTe1yJaiV2', 'fkFnedQn@student.universityMail.rs', 7, '1'),
(29, 'Стојан Булатовић', '2009/290805', '$2y$10$Qbenx2O0fDUsXdn6ioHv.eul6Bf/62RdSgr2GpIjjCO6p.MZwvt5m', 'DbeJzQsyIQG@student.universityMail.rs', 7, '4'),
(30, 'Дражен Вујић', '2018/212167', '$2y$10$2gDchgwzWfdtu24VTWZtXe.ljFzyZnkqvi2vrmu8DMiXVGt6EJYEO', 'obQQatDA@student.universityMail.rs', 15, '3'),
(31, 'Даница Малин', '2017/220908', '$2y$10$TujF.6C5paBeFpiKuOWU2OLAWtSplX.DAWoXZFMsAMrIqzy.qqX8u', 'yVPMCkyMP@student.universityMail.rs', 9, '3'),
(32, 'Милена Вуксановић', '2013/229989', '$2y$10$h8aHBscRB5nm89Lgwa11HORvS0B0ad0DAYitVhIvw7UsqG0pc/GgK', 'Httzuuze@student.universityMail.rs', 17, '2'),
(33, 'Радмила Перишић', '2009/226588', '$2y$10$T.59VImN0wgGLUxDeNEniOSfWHBL5JL3BO/46MopPgG4uP0ifkk9C', 'QuXeeqn@student.universityMail.rs', 8, '1'),
(34, 'Костадин Пашић', '2000/235229', '$2y$10$VJVKZ3Rj.tUbRxP6IeRQu.hiEyHZZXNQu6kNZwBJvX8YduoK1BGUK', 'RYuiEYPoZ@student.universityMail.rs', 11, '3'),
(35, 'Стојанка Вукмановић', '2014/294663', '$2y$10$iGF8NB4VWCBGxz/A7Yl7DuFUqeS4PGzsv71qNw9N.zzZ/eqPzUvJK', 'eyfZTEZ@student.universityMail.rs', 10, '1'),
(36, 'Вујадин Челар', '2002/240363', '$2y$10$QPqDmAmA79f.jbtePYOppe0fgDS5E4i7TT8Q8iyOHRojOjf2wU28a', 'ZdVzzUDI@student.universityMail.rs', 16, '3'),
(37, 'Стојанка Карађорђевић', '2016/262581', '$2y$10$yiHcLA9GZRI58jERXP9g.ePPPajmpepn4CnFjfiRd3jFUMk3G2RBu', 'iNeFNKcP@student.universityMail.rs', 12, '2'),
(38, 'Небојша Краљић', '2006/217023', '$2y$10$t76.v/3Smr9L87BiMfpay.KB1Z9zFFx2wX.yrq.H3JjAKxT/tjcly', 'uYUVUAjKQ@student.universityMail.rs', 2, '4'),
(39, 'Владислав Јевтић', '2007/234707', '$2y$10$pljGu/KhN2G4xFyK04RTPeZkqVgz/ACn9rGRNK9LMprBUnu2yfU4S', 'OTETRboVnxC@student.universityMail.rs', 11, '4'),
(40, 'Владан Иванишевић', '2000/244234', '$2y$10$mK3GSEDfxk0ITmbBvMdk7etrkEK5zuhO1.m8Ro4X.3C8mN6Bvt3FK', 'LMhwidtGFP@student.universityMail.rs', 3, '4'),
(41, 'Добрица Родић', '2010/220126', '$2y$10$OHxmtnuXanKrEuxWfrqas.4dURrK2qHrrSkjuPTwqKu39x9fIpq66', 'TrkCxxEt@student.universityMail.rs', 5, '1'),
(42, 'Веселин Спасојевић', '2018/225743', '$2y$10$YRNcNRYWIqHHo3ALo7yl4u1Ar9Us.qSoRVXRB/D8KbF/YyIj4AkYC', 'OWpIjIN@student.universityMail.rs', 8, '4'),
(43, 'Љубица Травар', '2014/281417', '$2y$10$3PTLrl0e6TuYkzIr3viuU.TfOuC0kLFceH5yIMVGY/Fa4Ttf8mhEK', 'sNbEyp@student.universityMail.rs', 11, '4'),
(44, 'Радич Татомировић', '2012/285993', '$2y$10$YGS9.i/TWt7t0axkBdupjeZPS/dzGolBN.BZogu99PRJJuyGtwUH2', 'TXZamiCQy@student.universityMail.rs', 8, '3'),
(45, 'Миљан Цукавац', '2010/211058', '$2y$10$ebTxJc1DpZr3PbIWd2MX0.WMb4FLVwZfW7FWj8FSX5GRqId0RbLmq', 'DpNQjDpl@student.universityMail.rs', 10, '2'),
(46, 'Ђоко Врховац', '2004/228379', '$2y$10$B2MgxEWbNRhYRpvW2vPjFuwiSuBZjrn39M/8tzwH4rtWFojJFo.GC', 'bieGkHsLN@student.universityMail.rs', 4, '3'),
(47, 'Иван Пејић', '2016/246563', '$2y$10$aJ/7RJ9kEll2kdejkk/qqe7Y9nv6nXGLFDdxz6keoico6xdzRbOm.', 'tucmhFcyR@student.universityMail.rs', 15, '4'),
(48, 'Димитрије Јовићевић', '2000/272779', '$2y$10$Ux.CQKkQQclqzMkCr3zCe.vCqaBRvFNCyq1uFr/wGrPt5QJjLtaMq', 'FuOqJQu@student.universityMail.rs', 17, '4'),
(49, 'Ђорђе Марјановић', '2018/294031', '$2y$10$GHkui9ldgeEB31lyZL0FeuQcDxryln8CkItC7jM8XDE8afCL2/SSe', 'LfbOkPTHIG@student.universityMail.rs', 6, '2'),
(50, 'Марко Репац', '2002/241294', '$2y$10$Yo6m3MQVj/Sjepy5tTDxuuOzGB132JrhFuRWxbKzsOOy5dcVBaqpy', 'HAEWncpe@student.universityMail.rs', 3, '1'),
(51, 'Зорана Грбовић', '2011/204171', '$2y$10$r6pYIXUPfBCnsLWyigOZn.K6rmgxIbKrgOlvGA8VpRpNLET2h/nvm', 'ykPuRGy@student.universityMail.rs', 10, '2'),
(52, 'Иван Братић', '2000/261346', '$2y$10$Kd9mm1PpqI0Ioj9cDE44jekpm.CvuHUwf16iMAfZO4/1.OVvISjeC', 'rYzcSgT@student.universityMail.rs', 2, '1'),
(53, 'Јездимир Марјановић', '2019/217954', '$2y$10$ovYkLelTFScAXSxjUZijGO0lF7wcycsN4hyrbBPvhAhCxl5VFfq7W', 'YujlOYyKRr@student.universityMail.rs', 15, '3'),
(54, 'Љубивоје Ивић', '2019/275578', '$2y$10$9Fhyw5LrLYtuin04Xy4d3.5nrhD.bYM.YDWyhV0UlZA2V7zwc5OVK', 'nWSFDUc@student.universityMail.rs', 8, '2'),
(55, 'Стеван Васић', '2005/282666', '$2y$10$nkT80RCSHcEFwyALC4uzU.cljGuaWoTPHkIkP1Ak7xasmX2Iiohhm', 'MCQahNvk@student.universityMail.rs', 6, '1'),
(56, 'Снежана Бајић', '2001/231386', '$2y$10$Zc4zLvimDAHY3s6uUgL3T./Lzv0mWTumTpMIUm52y3nALswuOSPFq', 'GKGCyBmhHIo@student.universityMail.rs', 2, '1'),
(57, 'Снежана Вујовић', '2012/219344', '$2y$10$ImLNy0j1PdrKWE6wsgfHF.pkak88Vb22dCZVmgINUt7YrQHzXh7eW', 'iHDoESXo@student.universityMail.rs', 2, '1'),
(58, 'Вуксан Катић', '2015/244431', '$2y$10$x1NlEf5Pl15vtZQ2PLNzi.8JFwSWVitT2.LkoPvE5Yv4Y.fHV0iDa', 'FMFfQrjh@student.universityMail.rs', 12, '1'),
(59, 'Миланко Белин', '2014/203123', '$2y$10$gywHNhPyyzESVO0d6nqxvuh/FjVyGkiDR8ma2H4Wa7jho13K3qWFe', 'LRvgqrJhjS@student.universityMail.rs', 17, '3'),
(60, 'Јованка Видаковић', '2000/246999', '$2y$10$wTuDxoNK8ADDI3t7KUYZMeAS.WxXCatD2o16cKjWsMArh2GZvzUD2', 'ROjHgToLW@student.universityMail.rs', 16, '4'),
(61, 'Десимир Шегрт', '2000/259034', '$2y$10$9NtGxWgPo588ltmeZrChYu6lHtXlMHTwoEFzuWFzcuFhna0THdUVO', 'eMWLAJ@student.universityMail.rs', 4, '2'),
(62, 'Живко Цебо', '2010/244044', '$2y$10$7Y8AqvyBwKzoZLQi3NdIwe0OU84qUxO.QbkPyrBawkkFn/nZefB6K', 'uEYtMMjMmRK@student.universityMail.rs', 1, '3'),
(63, 'Радич Зарић', '2006/297415', '$2y$10$cYsYxnBCjtIMemcrRXkfL.Z2GV4oPGL5GIZDATEZcIjpF07Gi9/Q.', 'kTtLSpG@student.universityMail.rs', 9, '3'),
(64, 'Благоје Лукачевић', '2015/208488', '$2y$10$7Gh3pOwDIegcsqn/SuAJ7eVhh4wdUyqAGD8YVQuTbZtpF6.Osk1am', 'PKuECRlpa@student.universityMail.rs', 17, '1'),
(65, 'Сандра Тесла', '2001/234230', '$2y$10$4mXdX4GMqN6moVRSeuEQHu/SKv9njYZFUqXt84LpkPBuihU7eiDSa', 'KiRLRJ@student.universityMail.rs', 3, '3'),
(66, 'Аца Пепић', '2007/296177', '$2y$10$Nl3C/3jczSDAcDt6OGxLsuYddBNrMipX7UuHZG.Dyj.ohanud944O', 'HqgEmDAgZ@student.universityMail.rs', 1, '1'),
(67, 'Борка Андрејевић', '2006/209902', '$2y$10$IWqrBIGb5Lm4rZc8oMQGXuHVgw4HMWYa4mDNtQOkTGXbDVk8iI6k6', 'fCvOBpr@student.universityMail.rs', 2, '2'),
(68, 'Живојин Вучковић', '2015/209040', '$2y$10$sIWVdBb.BBTi2nN/pvTY1uxa0LL077AQrZ03x3Bxwo6mGo7qLs5yq', 'KzwRYZXsy@student.universityMail.rs', 6, '1'),
(69, 'Сања Јозић', '2019/217390', '$2y$10$9fJjfqsGCwMss6VcGLUWteIrzNKVIPI87lSUs2obdn9.rsVQl.8ha', 'WeZXdA@student.universityMail.rs', 2, '1'),
(70, 'Јанко Белошевић', '2001/294257', '$2y$10$nVdKYBzfourEScnylz.2zOcgiCgoQdKVLQEJLQvlXm3DTTxOjt78S', 'GcqNqKlDj@student.universityMail.rs', 12, '1'),
(71, 'Милорад Рајлић', '2009/246176', '$2y$10$zZFp149L/dFgUA6Te20zTOraVB03LD3Kqq985wJ4H3J6o7qai96oC', 'YiQcfUC@student.universityMail.rs', 17, '4'),
(72, 'Филип Ловрић', '2009/287255', '$2y$10$x0syJ7e4issfRMU9ZPEO0Ot30ITiJoUwx0Bl14a3trnrJzWLC11RK', 'gCifNgGj@student.universityMail.rs', 16, '1'),
(73, 'Владо Бошњак', '2001/256733', '$2y$10$8wXmflUGPIa9iiEQjhD3E.OUIdRxvAiH0owDag4AN/DCDhy4WGx82', 'VRUrlgiZA@student.universityMail.rs', 4, '2'),
(74, 'Миран Томаш', '2008/293500', '$2y$10$88pWNylS6EgVW.68LHDJ6eRxGH3miADNLncgPBkM89..JRThsehLS', 'YluuMQi@student.universityMail.rs', 17, '2'),
(75, 'Благоје Милутиновић', '2005/298452', '$2y$10$FQJOk9XKmz67Db9ynYgEjePfAh6VUP.qf2zNmnA79L0gUY3Tu6sZ6', 'fNXDvidrWD@student.universityMail.rs', 10, '1'),
(76, 'Душица Видић', '2008/265847', '$2y$10$rYONcYKLHhOz370iEGeEpOnHDvzs3b.tSooSHrwQUkc..ULI7h16O', 'sVfemypJO@student.universityMail.rs', 10, '3'),
(77, 'Ђорђе Тодоровић', '2016/259698', '$2y$10$wnJ4xrUKKVX6sdmVdyIOwONxJftw9MwvSOnJ9s66Fu0xl46.Ysejy', 'UwHdaSK@student.universityMail.rs', 8, '4'),
(78, 'Влатка Шупут', '2015/205853', '$2y$10$weO8TWwNRB478MJXJglmOuqYrjQckNRYAXHEFDxNGrPrF1hYEzhbW', 'xPycrFl@student.universityMail.rs', 14, '1'),
(79, 'Данко Јуришић', '2006/268199', '$2y$10$vOsrCeslDonUaRfLpuAyhuD.cZ/HPC.dV2QVa4J86ObQwcRWoyczu', 'NgnogtuQLi@student.universityMail.rs', 4, '2'),
(80, 'Светозар Цебо', '2014/211074', '$2y$10$5w1OeQrxQkaZlsIxjzbL2ezXcQJItbHVjeS/EijToGiiu2YMLpF4O', 'evjESde@student.universityMail.rs', 17, '3'),
(81, 'Здеслав Пејчић', '2018/226834', '$2y$10$D/EiYi0HY1vz8lSNgKE3ruYGfVaLEBhevASxN1TJdyK3IaVPQowUO', 'VcTyjq@student.universityMail.rs', 5, '4'),
(82, 'Влатко Зечевић', '2011/236031', '$2y$10$WI9Tu6MCSyMdkgjiUMDYn.KZ0y7EqPBWxfeVtJM0t8pDImM8go1C6', 'aaspRp@student.universityMail.rs', 2, '3'),
(83, 'Цвијетин Родић', '2003/281214', '$2y$10$WNrrq95G93.3NWbueHHxX.LbFB5YMsLZeESiiSSiX6k7hpkCXEl9W', 'cfwasPM@student.universityMail.rs', 15, '1'),
(84, 'Анка Панић', '2017/235866', '$2y$10$fPQL.pPdxX0rzYCABzHEzeOP/8wjZLBZY5FnW5H5feo0l3KeyB3xe', 'XkJvmGgM@student.universityMail.rs', 16, '4'),
(85, 'Милутин Иванчев', '2014/202010', '$2y$10$YZdHrg3E31HWhiq41dGHlevADSqQjUcnDmaSOnGtl5ADdyBOVUVOK', 'hJICPzjl@student.universityMail.rs', 7, '2'),
(86, 'Данијел Кадијевић', '2009/230839', '$2y$10$7/7sKsKTIssWXAwANYTNIOhblvkga8mzRLRb6dm5vgfqffED4JweO', 'VwRyFnMV@student.universityMail.rs', 5, '3'),
(87, 'Светозар Вујачић', '2009/228929', '$2y$10$ookC1mpZcWU3h6xK2ugNju2MRwsylOOYSdOJBCttwNgAHvO6ZWyOC', 'RemSmH@student.universityMail.rs', 9, '3'),
(88, 'Владимир Пепић', '2019/283029', '$2y$10$WbMbP9X4agM06do2FBUgNOCvBQlnJHdOM4OeOKGVEW0OaHKqL7jeW', 'ETYlrGB@student.universityMail.rs', 14, '2'),
(89, 'Милена Лутовац', '2012/256084', '$2y$10$/hxH.q6uy62YImhz6pGYle0ZzwERAClKeiqA//TySIxBjnXVbhtj2', 'EuBQqeAt@student.universityMail.rs', 10, '3'),
(90, 'Дамјан Панић', '2000/258043', '$2y$10$A/TZ/9h6Ipi2OBjc7wfd9uKSSeQGzlyZjHzfUo43N6/Gi6nbJsU2O', 'sDtBVysD@student.universityMail.rs', 1, '4'),
(91, 'Снежана Дебељачки', '2014/240144', '$2y$10$cvthJKDow1Gf.vN1CxOakuqVk7nuCMNNNWeTK8eH.18SSZQeS68De', 'gwUMtubAX@student.universityMail.rs', 1, '1'),
(92, 'Предимир Бандовић', '2017/206162', '$2y$10$Uf8jBwEJRb0nL63iH/Hto.FQeLKShbrs4hk7S3j7Z2rZJAoBUYz1m', 'UkGduhwwRe@student.universityMail.rs', 10, '4'),
(93, 'Јанко Никитовић', '2012/206413', '$2y$10$SadeE6OZvJbWzUfsaIUmA.VWmSACGz4EtO.iERpLlg5gsCnvJWxqy', 'wDnJspzt@student.universityMail.rs', 17, '3'),
(94, 'Синиша Ратковић', '2003/257141', '$2y$10$XuSHnlRn972VwCXbqM.Px.JznyUt5RqFKi273HU1cFHiauA4wbRQ6', 'sXaXqMHs@student.universityMail.rs', 12, '4'),
(95, 'Душан Дражић', '2017/291508', '$2y$10$fJoJg3Nicvqyq4jSQ7wQV.0y45ZzgpM9do5vlBCqqfuukPFqZsOU.', 'GPAcfL@student.universityMail.rs', 15, '4'),
(96, 'Сања Стојковић', '2005/238069', '$2y$10$GxJnXPqUO94TOtco4oUk3OhAlKErF1TU6iXU9L5GeX8AZzwtNRp6i', 'RNYNup@student.universityMail.rs', 17, '4'),
(97, 'Радојка Васић', '2011/244386', '$2y$10$Zjv2fvTc2C0GDk25byzQROFleR3En.HEcBZ9xeJpt6s3pkgdCZLaK', 'SJjJRaAK@student.universityMail.rs', 8, '2'),
(98, 'Милана Вујисић', '2005/290454', '$2y$10$W4fOf2IiPnScnw8mgcOPteysC/xB8A3hX3AvXp/tLVs5DWIfG8p56', 'GhhcfP@student.universityMail.rs', 10, '4'),
(99, 'Золтанислав Павковић', '2017/255849', '$2y$10$AzJsiHdT7qM/G.egCqu5yuOEItG5OpyIsiWAsAubWTP2AB1NJX4yC', 'iBmmKPRN@student.universityMail.rs', 6, '1'),
(100, 'Младен Љубичић', '2018/233469', '$2y$10$R7gnMTueQs6XTWO1vl4qDOscHzGZrPExNySzMhgRdmgPC4b0mDl9W', 'digfGebHn@student.universityMail.rs', 6, '1'),
(101, 'Милован Дангић', '2005/214376', '$2y$10$t9.f5RKe4Q9H6QZzLq8g0uzkgP9moRzBJdz6Tp.hwnoLQsU1320Ni', 'LODbUoMXt@student.universityMail.rs', 1, '1'),
(102, 'Милана Тоља', '2018/240423', '$2y$10$MwZ01xvMtY2i62NfIOH0ROTcqF7.ZNHR0pEXKtGXyMifqhDciFH9a', 'PwWVdrdBE@student.universityMail.rs', 7, '3'),
(103, 'Периша Којановић', '2001/246093', '$2y$10$gGIpWqwSZptn45/5U.si8uicQgrmcVCnW2C8y7NJ8B5Hcrh3J5deW', 'hnQodGHr@student.universityMail.rs', 14, '4'),
(104, 'Добрица Цветковић', '2012/232015', '$2y$10$b3qfjMweW4R12o2dBaP9SO2qPYER9UCjivIenYJ5sVxLvkS0vFsKW', 'udODMXEl@student.universityMail.rs', 7, '4'),
(105, 'Радојка Недић', '2007/245456', '$2y$10$Kq5yEv54gnEAYcFvWvI73u43IZeW8fTnriHnAVlYxiEFrQj.T8b3S', 'xLlCnD@student.universityMail.rs', 3, '4'),
(106, 'Никша Репац', '2011/279034', '$2y$10$PRwqU33SmwrpngeDAKh7zexvP1zcOFvX8P9Gj7YynSODHR/kka8uC', 'qyonQoXsN@student.universityMail.rs', 15, '3'),
(107, 'Младен Вукадиновић', '2001/264580', '$2y$10$8oyJKEiwCOMaysPUBqLQR.MejQsGEPzlFbrnq6T4yluLsUj9rNT26', 'UfLpsTFY@student.universityMail.rs', 7, '4'),
(108, 'Михаило Ивањи', '2017/210375', '$2y$10$ktBcHRzjWwr2IHlFWiwf.u7MTGyvBMJ68z8UiLN8UFJCyg.gDgMFm', 'AXZnhip@student.universityMail.rs', 16, '1'),
(109, 'Родољуб Зрнић', '2016/281473', '$2y$10$RE/aRHMIDXUUNPaqxKo2Iej4RsEyQOJ7tFNtd8PACby2TDLBWFBLu', 'NOOSsDMnu@student.universityMail.rs', 9, '2'),
(110, 'Душанка Златар', '2002/292919', '$2y$10$cZfGZ1XL78Y3nFvK6wAxbOpHDDKcJo/5qWQ7hD9kYW.pGyW0ZtHKO', 'HQzVmRzm@student.universityMail.rs', 9, '1'),
(111, 'Слађана Бошковић', '2001/268125', '$2y$10$p5rcD30aVzDUr0171rKRmO9mT5aVeekPSGQdKQ/k13rBzaZgEhuP6', 'kyRwDhxpa@student.universityMail.rs', 13, '4'),
(112, 'Миран Пејчић', '2007/299290', '$2y$10$cMUwBPJs/QoidzUmcuBExOJtehyMXz16HWE06p8CVrdlFQYt/ayL6', 'CtONqUUr@student.universityMail.rs', 17, '1'),
(113, 'Вуксан Зеленовић', '2000/263543', '$2y$10$8s2ltjxQPFJT121N63qN5O.JkcCRu0xcRPmdel/IAmnexBylVp8Le', 'mytyDWBvTH@student.universityMail.rs', 14, '1'),
(114, 'Растко Штимац', '2014/204359', '$2y$10$yPj7Uu65PLSUJr0TEvZDu.NCdxqXrIZ0EjhFouLMqY./OjNNCTHtm', 'MktrzRVh@student.universityMail.rs', 10, '1'),
(115, 'Константин Ожеговић', '2012/238681', '$2y$10$BqQbozh4hXwnyxx2/ED5LO47eZRh6rRvwKEQqD/w1tEyXRw0Jl9mK', 'mVLcspXP@student.universityMail.rs', 5, '1'),
(116, 'Аца Пејовић', '2004/232320', '$2y$10$ESJuHmpFNuwaNRX3ZwJbqeA0YWeIM4YlQ/kc2cYxwbqyOEr7gi05a', 'AkTaHvGZ@student.universityMail.rs', 8, '2'),
(117, 'Благица Јованов', '2014/289272', '$2y$10$3Bqy2m7hJfqZgHzrRKvHT.IuFMEhWna0mQAUaFl/nFD3trxM1htxa', 'oPHHNJZ@student.universityMail.rs', 9, '1'),
(118, 'Илија Делибашић', '2012/265191', '$2y$10$RXGu3Ed/HmJkQqxfbbaRh.vIR3H7FQRWrG5pF.d6dw1ZsPBZyUUZK', 'DdOsHFZWi@student.universityMail.rs', 6, '3'),
(119, 'Фазан Раденовић', '2000/276356', '$2y$10$Zmph.4qyQ0s9KDVbFcF/BOslFLp8OWAgeszSLCcMsZon5r7uVzcG6', 'gwpOminX@student.universityMail.rs', 3, '2'),
(120, 'Јасмина Павковић', '2005/260804', '$2y$10$Q1F5tq75UXO3/8zI6ZBpb.EX6h/i6ZFUtgoWHeTn2vdfu0QcZ2tp2', 'NyrATZ@student.universityMail.rs', 16, '1'),
(121, 'Кристијан Шарановић', '2007/226887', '$2y$10$ldFyxaeslW/M4pVeBXULgeys/YN/pl6QIkjEKyvRwN14LMQLdwifa', 'ojMBAaRFl@student.universityMail.rs', 8, '3'),
(122, 'Митар Лишић', '2007/264538', '$2y$10$/OrAkUzCqmalqjLKwssg2OHd7Z1nUY.0LJi3h1jqemEMM1JGg9p.i', 'ujhBpxl@student.universityMail.rs', 1, '1'),
(123, 'Миодраг Тесла', '2004/221840', '$2y$10$i96q7nmLZ5Y6cZYFA4SBde1tQDmn6ruwCQtxuIWDC6vFxgaawrcI2', 'jMAqxsHaJ@student.universityMail.rs', 13, '1'),
(124, 'Миленко Вукелић', '2015/226884', '$2y$10$eUCcPITU09b4fKZI6P1GYe9ZNeSXY3bR2IVQMRFIUto05V4Vsbave', 'keCSbtRIo@student.universityMail.rs', 5, '4'),
(125, 'Живан Бумба', '2019/220753', '$2y$10$Mwly.271R7iyQYKRcSwbKOEB7HB3ct3P13Ol3hoDhr1b.sr63Nlqy', 'QRitgYq@student.universityMail.rs', 14, '2'),
(126, 'Страхиња Марјановић', '2012/233358', '$2y$10$mc.5B/eqY/AbHEbt1aCrfeJzuG4AqVklrNz3lon29yyaIs2Cc54oW', 'DdAmYkPK@student.universityMail.rs', 17, '1'),
(127, 'Микица Чекић', '2000/223061', '$2y$10$I8FFSQitHMk3mh1wAo0gZOWQoa5DEz5tceFKvR0Tztcl81SAXeVhe', 'pVhfkr@student.universityMail.rs', 3, '3'),
(128, 'Сергеј Божовић', '2006/220352', '$2y$10$N7Qbco9YGftOdMRlNXyJvuirHd4IJlGQy4wXHQTOH/1.UIgU.E3D2', 'aawcLFiEj@student.universityMail.rs', 17, '2'),
(129, 'Бранимир Лековић', '2004/250848', '$2y$10$aEwCloBT2Tc2ZrINHCLhde8q5Lx9mTffZIZHV7pbXTdKQkOsO4qEO', 'jSwhZwoFh@student.universityMail.rs', 4, '2'),
(130, 'Радмила Вукан', '2000/275904', '$2y$10$sQ9rWKswUIPvd1suURi.DuAA8u6qPnp6K7FvonUc3EizhCfjlwKB6', 'ROvYjMb@student.universityMail.rs', 9, '2'),
(131, 'Славко Јозић', '2006/259965', '$2y$10$zaw3jDv69SM2vRe6DQN1dOR5cLhMmO/W8UYtBStyxDQzYefSC779e', 'JRfYhbiWpgy@student.universityMail.rs', 11, '1'),
(132, 'Љубинка Јелић', '2001/236912', '$2y$10$9ZxMBMce6GEFnIkxqAQL/OvUXsl5CVXw1BtCUAaBBPTeaeRGpdoKK', 'SeBBSdQma@student.universityMail.rs', 16, '3'),
(133, 'Жељко Јауковић', '2004/261171', '$2y$10$VHOeRxjCLz5fsBRWVgsO3.6LyE6M1E07Ro0tjv30fPWGfKmuPQ8OG', 'MoKOXQuMbr@student.universityMail.rs', 14, '3'),
(134, 'Наталија Видић', '2017/212192', '$2y$10$7Rh1vlfmokYTwuCc1YEUh.RCzqUXc6HfnrPH0nkjQiWks8dLDkRbG', 'XHYAwrFv@student.universityMail.rs', 7, '3'),
(135, 'Звонко Милановић', '2010/247212', '$2y$10$VPBQjv1lpRFouoIDjDaHl.EnYwZOp58RmZpWG3.jJZnVg5WT8IhV2', 'brzRdI@student.universityMail.rs', 2, '3'),
(136, 'Периша Катић', '2001/216674', '$2y$10$0XDnvf3s/gOIOxThye6nCe0MSudCKt1Aeb9UroWmwaG6WUGhOR2ku', 'padmhcTM@student.universityMail.rs', 2, '3'),
(137, 'Славица Стамболић', '2012/278253', '$2y$10$MhQNQOLSm/PPmV9.Tws5V.38s.vVJifm8wmaCnMTjrMpGw8RLyisi', 'mhJuMav@student.universityMail.rs', 7, '3'),
(138, 'Цвијетин Јањић', '2012/231628', '$2y$10$TH0gPoY8R/7IQFonGY5EM.zPyyhO1xOev8VLLh/4226AuQvosy5t.', 'UTyJInbkB@student.universityMail.rs', 10, '1'),
(139, 'Урош Пузигаћа', '2005/261197', '$2y$10$.7U/pypkYSrDeZcb2QOTsuiELo9PRIZgq0mNSjNc/McXvNBfkYaT6', 'YtRjADqMT@student.universityMail.rs', 3, '1'),
(140, 'Душанка Иваз', '2001/268004', '$2y$10$howkZRwsUk3bnnFvTZW8COg040GTwY1d5GU/BMyAZqFCZkXmA5uxq', 'cEXDuI@student.universityMail.rs', 10, '3'),
(141, 'Влатка Ојданић', '2010/250098', '$2y$10$5NEVonmMgpSUpMwTg1HiiebiCNUo7n1liEGXZysN5OKzBRBI7MtTO', 'AKHlOYPmx@student.universityMail.rs', 3, '4'),
(142, 'Средоје Тесла', '2015/251462', '$2y$10$xRE08hM4tTvrVdQn0bjdeev6idk.S8ZcBmI7Q3zbGNGX9DpeBc97O', 'KwvttO@student.universityMail.rs', 17, '4'),
(143, 'Миомир Кордић', '2019/241820', '$2y$10$PcGjCqP9ozx6kflY7lDmsOmLirByKM7/.r5hGgQeDkAvff0foLotq', 'AyuMGqaAc@student.universityMail.rs', 3, '1'),
(144, 'Огњен Месарош', '2011/227769', '$2y$10$.xqCpHqSh3yemTH2BVBPwuItotu2qOpyTLep2FwMiv5JJ43XKOG7.', 'DCkvIew@student.universityMail.rs', 17, '3'),
(145, 'Срђан Дукић', '2011/216570', '$2y$10$GXnVZDmnQao5c.Netrv2cusCoYqxL6tvNeZkilds.kS3QoECWESuy', 'PEHYoeh@student.universityMail.rs', 12, '3'),
(146, 'Бојан Лашић', '2016/254934', '$2y$10$h/oJvmPjgCAjNJGObBBULu36eBhUbnsM6Iy.AqjYewNg8bP7jkp7q', 'VGAsmmXY@student.universityMail.rs', 15, '2'),
(147, 'Драшко Вукићевић', '2003/218176', '$2y$10$duVjKAArHhFA96nF/PWNF.6VcAqRKe3zOQzC/gwM/NTzIPN2ZqhEW', 'zojsZp@student.universityMail.rs', 2, '4'),
(148, 'Миран Грбовић', '2017/237646', '$2y$10$Z.EJxC/H7RZSvmSkhNd6FupiWqVuIeKcBMQU2jCme9MgAPEukyIHu', 'PqqEShJJ@student.universityMail.rs', 5, '4'),
(149, 'Милка Кокотовић', '2014/295147', '$2y$10$f7timptS/BTtfLdUSuVrZuWPDt1GkBJloi6Aj70A5OfFe0iAuAWiW', 'nmCAvvHi@student.universityMail.rs', 2, '3'),
(150, 'Вукашин Калабић', '2000/203194', '$2y$10$pd81d4w8UOzyWlrig8SDIe9rXjowbMBJOHBNLgqT0s.NuBcpA2c96', 'gMOjZiHLk@student.universityMail.rs', 11, '2'),
(151, 'Сергеј Абрамовић', '2001/227101', '$2y$10$GrHOU.FMzIPcydR3psTYvecDbi.Fn4i/PBZh.Md8aPLgs1fRRX7mW', 'UywzlqX@student.universityMail.rs', 15, '1'),
(152, 'Здеслав Панић', '2013/221035', '$2y$10$G.XS1TibU0NePClWxuhK5.NIbmU7vj6e/zhW2zYbzI4h2HG8i10ke', 'MuQhLsrqX@student.universityMail.rs', 3, '4'),
(153, 'Костадин Болић', '2006/290593', '$2y$10$bpruo9PzQzsW1H.u5FPf2OZWM6qMawILB1cy04KCDqRDr.Dw9yTfu', 'YSRWcT@student.universityMail.rs', 9, '2'),
(154, 'Станко Бандовић', '2001/234756', '$2y$10$j4ox8BlqLw6OktLQQyEFnuw2gvVC2A5L8bBCzL/QiaVusaJCJY3mO', 'BRqJcaiMX@student.universityMail.rs', 14, '2'),
(155, 'Урош Рабреновић', '2017/201339', '$2y$10$PC4RIMyFVIlx7XCyJdzJh.XSZAfBnGsn.cmZs3gq7Eib2FIweyxv2', 'WnRhxpq@student.universityMail.rs', 5, '4'),
(156, 'Борислав Бабовић', '2009/210125', '$2y$10$m81.WKoD77ma5r.QimM4gOfE17MawIxYQykuPEJBAaZphLxqjjCwW', 'lQRlbZWY@student.universityMail.rs', 16, '2'),
(157, 'Бојана Пејчић', '2013/270178', '$2y$10$wEKNV8LUp0PrkQjDhGXU1.NXYh20lu1PxGaAvUZvMp0QFLtJwNbES', 'neKdsl@student.universityMail.rs', 10, '3'),
(158, 'Адријана Рабреновић', '2015/227595', '$2y$10$bEDKwvKIPzzeVSaHjiaWxO/Rj2muZy6G1d12pPltE.zeaqAu37lt.', 'KiYCMGxgB@student.universityMail.rs', 5, '4'),
(159, 'Ђурађ Мачкић', '2019/200303', '$2y$10$Uah7NO3FFN0r8ML7BWeGeOqlDiOPy3yplBTjOTNfQuM2FRTLCAw6S', 'sHewDOw@student.universityMail.rs', 13, '2'),
(160, 'Слободан Галић', '2017/211696', '$2y$10$8hKAzqvz1q0zszX.fFaLw.dlF77eg4N09rsdL9rSochxbmXvNDg9O', 'XZSNUik@student.universityMail.rs', 17, '2'),
(161, 'Верица Жилић', '2019/247894', '$2y$10$qTKWBfB8cq/SAXliwK1TtuCH8JCPQhuI8/y4pUWYgPrvVD34aZUJS', 'RHwNoF@student.universityMail.rs', 8, '1'),
(162, 'Љубомир Сертић', '2007/293188', '$2y$10$ct8tNUUwpDS8G1mjfm8SkeIXOqYFN/tIPTMMsIff7/LuvGR1HQkwu', 'jMewHaSs@student.universityMail.rs', 3, '3'),
(163, 'Обрад Стипић', '2008/272236', '$2y$10$lYIjtWmbLMBbWH3zzOPukOlfJR1YAcQkNsk.G07yY3VOdQ59kCGUa', 'GuIqWPgu@student.universityMail.rs', 10, '2'),
(164, 'Станислав Каралић', '2003/260182', '$2y$10$QJDj5ISvtZtc46giLhqn7OjuoD2HBMvvAiFEeNbCaTWnn6qarV29i', 'DCMfDnRIKD@student.universityMail.rs', 3, '1'),
(165, 'Драгољуб Мићић', '2016/287847', '$2y$10$t8ymC9UCHgJ9E37peRtlgeVg/wQWx3.lJ8R2YF7Jib7pgE3slevcy', 'vhWGORYlb@student.universityMail.rs', 14, '4'),
(166, 'Душанка Матушчак', '2010/211786', '$2y$10$OaX6TXgBc2pvHTLl8vxUU.6Jwd6VilT8re1lR5jGEi46G.a./ed3u', 'QkKmEOPs@student.universityMail.rs', 4, '2'),
(167, 'Владан Рачић', '2007/229100', '$2y$10$HRoFv80xoJTuJwLPEJBiSe5kc6VzRR1mCyby/tVbD69jk5ze.gBg.', 'cXCukzkpxn@student.universityMail.rs', 8, '3'),
(168, 'Адријана Видаковић', '2013/235195', '$2y$10$3t1mhA/GGzJNTdCRISbLUec4uqiGOVwdkMZrKLjJTc6R4B/qUBhYC', 'UsCLwCQZD@student.universityMail.rs', 16, '3'),
(169, 'Бранко Ћирић', '2007/232120', '$2y$10$XWTkR7TphxvtsuPAybuo0OGuJCIl96.FT1T8/rr9DfGNqJp8XhLSu', 'xQXRJVI@student.universityMail.rs', 12, '4'),
(170, 'Јездимир Принцип', '2000/239928', '$2y$10$sM2/sBNtUYuOMHGsjsHf/.ty5MNWeRDuhQDfNIXLOPxphyoN2bBD6', 'OJIcnI@student.universityMail.rs', 8, '3'),
(171, 'Варадинка Молнар', '2011/254975', '$2y$10$7st/aihRVql4AvghulIj3u3pD/zycpGdWL5LU/KRUIciLxqXKJrB6', 'HZasSXn@student.universityMail.rs', 11, '4'),
(172, 'Вук Којановић', '2009/246349', '$2y$10$SdMuMqA9Kzb/pkna.tN3.el7Dw/Kqnw1k4agsZq0WdhLsxW/whCmm', 'COsqmcxAP@student.universityMail.rs', 6, '4'),
(173, 'Марица Јауковић', '2000/242387', '$2y$10$hGLeWTk8/34bMw9rleVRB.MSXjOSjS/5rtGYq9oTUQAUE9e74Ii.q', 'RXiEPB@student.universityMail.rs', 2, '1'),
(174, 'Берислав Брајковић', '2006/282595', '$2y$10$5pdNsDvNS1Tp4l8mpuJm1eoQa3unqEVufW76Q3zn1FHeJzvfH6ftK', 'MiwZIBhO@student.universityMail.rs', 8, '3'),
(175, 'Веселинка Зрнић', '2014/267440', '$2y$10$jF1uU0eUvvugqf.T.gfTUOa3vbWr.84Wrv0OiosZ/scN6Eu52b90u', 'fEgZUOOH@student.universityMail.rs', 6, '1'),
(176, 'Средоје Милинковић', '2010/286752', '$2y$10$mOEIJqs2HdLeUN82wGA/nekXuXwE93QZIwDVL0v9UuA02pRQIhRsS', 'lUoMKeL@student.universityMail.rs', 17, '3'),
(177, 'Радич Лутовац', '2018/272345', '$2y$10$Rb9rWr9ZtAoVVMHbN2SmN./gqLXI1w3qOYu.rYKSIjPiiaNsvVCH6', 'khBlVAiT@student.universityMail.rs', 1, '1'),
(178, 'Богољуб Живуловић', '2011/235836', '$2y$10$qhjFzPTTt8wXx3u.QbBdeO0BHlpaZ0dXFrqAxtK1.XYUC5psMRmm2', 'URlfBEciaA@student.universityMail.rs', 6, '4'),
(179, 'Кокан Пелак', '2019/215099', '$2y$10$TqCLxSH3bTfTIMZwiidtW.YN5ynUTE9/50YM8yLmxQQ3M9M5X/iUG', 'tXXQlkPbia@student.universityMail.rs', 11, '1'),
(180, 'Ненад Арсенијевић', '2018/203506', '$2y$10$F6bTpefO4SnjJ70DM4HrheZjS9t1uqkyDiy/vR2PMZq9mJp2NMb8a', 'liqwSoRZQ@student.universityMail.rs', 16, '2'),
(181, 'Борјан Пековић', '2002/266895', '$2y$10$HED4ZiP/P1hzjKwf3fCDCeRcXj73ewEv9h.7SxswFKRdbqmItgG6O', 'bcLbpQqVp@student.universityMail.rs', 10, '1'),
(182, 'Драгутин Томовић', '2009/201275', '$2y$10$lKG08EezEepzFTZDnwks1uf1xPHEtPogoUG1HflXqHnddRXqgrT.q', 'hQRopfR@student.universityMail.rs', 1, '4'),
(183, 'Бранислав Машић', '2004/285978', '$2y$10$5uHae/EHUQ58DlmEYQ5Iueg1d4MwSugCIjFokVGxH6yaB1wFoFM3u', 'UPpfIqYu@student.universityMail.rs', 6, '3'),
(184, 'Јелена Јерковић', '2007/224419', '$2y$10$i4hgFTcE1yaN3C4jTftqNO9p5Uoh232LyOPezvnSR2PnuBfqKmSrW', 'mfzlXmT@student.universityMail.rs', 4, '4'),
(185, 'Борка Јелавић', '2011/228701', '$2y$10$fCNb.2RxydB036ghC97MbOh1qHSlyphIIcirBpvy8DsyLoQgy5mdK', 'GPnyTvhL@student.universityMail.rs', 7, '2'),
(186, 'Драгиња Зечевић', '2008/284773', '$2y$10$BjmF.IbsMSUCFfkBq29Sv.M3Jvsj0.cgd4pVqkspLJoVRTutIjVuy', 'GNWXnDip@student.universityMail.rs', 17, '3'),
(187, 'Данка Бошковић', '2013/208937', '$2y$10$6pR8A6SRZnHsv3Bz2ZXb7eg1l76FAtS4heDoq3YMCFK0/lA17A1FW', 'SmfkGmN@student.universityMail.rs', 1, '3'),
(188, 'Ружица Дојкић', '2016/288304', '$2y$10$MEz0iRveBxMtEDINzVpj5O5rIWi4boJWevqc/cWLDPBXmcjs0vnRS', 'sLONgoJKG@student.universityMail.rs', 14, '3'),
(189, 'Томислав Новаковић', '2008/260592', '$2y$10$CKXyOETrtg6a9P19PsRCiex.ZjV166S1vqJYS5tKGgysMCbMHcIRa', 'HUudNEa@student.universityMail.rs', 9, '2'),
(190, 'Драгица Ашанин', '2015/218238', '$2y$10$SCNe22zyBG6q1dLrymkOVeEI.ID/ocW0ViwtKb9y/MQJJwNycUceC', 'spFyrACHGp@student.universityMail.rs', 15, '3'),
(191, 'Миливоје Гојковић', '2018/287994', '$2y$10$VZLPm.aXn9XjRPECL8PKYeJxk2ws4PbWtU33CWoTRrRiwQ.JimpSi', 'wTbOYFq@student.universityMail.rs', 13, '2'),
(192, 'Будимир Андрејевић', '2019/259194', '$2y$10$5t/4zitC7tj6x.43o2QUHuOaKku12kg5gAIXBO0q4FkBQvGXmjc7W', 'ErxnUWZLW@student.universityMail.rs', 17, '3'),
(193, 'Драгиња Арслановић', '2012/216897', '$2y$10$ESdVpyogfl2stXtXhNN/ve6OgVOZjXblvT3UsQ5aSudG3WTClvDuq', 'PClIulUx@student.universityMail.rs', 14, '2'),
(194, 'Будимир Видацовицх', '2004/269362', '$2y$10$GQHcuCjOy.vIRSndKMIOLei0nHOPMwgneNHYyrgJLj7qrBCsMDD7W', 'xWjlqv@student.universityMail.rs', 1, '3'),
(195, 'Радојка Анђелковић', '2018/219118', '$2y$10$hPJ6MA8XVhHOdVrRGim2Vu478P78jmfkMcEe10wEyBh/ECbijpAi6', 'akEWxWRpc@student.universityMail.rs', 5, '2'),
(196, 'Снежана Ђуровић', '2006/234449', '$2y$10$Y.3DtKvaQVoLkWC4oh2/mOGN1tf8orExEmzcSCjT1UfbWbaF9sBFO', 'QAbAmUctJM@student.universityMail.rs', 9, '3'),
(197, 'Иван Кораћ', '2012/256825', '$2y$10$.zB9b.rnFKjus6vrUkQL8OCirogxJnjDNY27/oeVyAH.6ezvaqywm', 'QvunGSTyH@student.universityMail.rs', 1, '1'),
(198, 'Миљан Перовић', '2019/253015', '$2y$10$RqRNTsdSmhRmTeqWWRzOfOixav46k1Yq7r6UnkYvqWdDXnBgn0D4y', 'CUWOaEoS@student.universityMail.rs', 13, '4'),
(199, 'Бранислав Гудељ', '2010/293106', '$2y$10$YLZlcSpCuc3GV.23iYwXkuKl1pPZAWmqQfUaqPUDYExFZ3YJtHjVW', 'WoLEgUU@student.universityMail.rs', 13, '1'),
(200, 'Ђурађ Кокотовић', '2011/286639', '$2y$10$KMUIkPmFx7Y6oZwn3HGp6ex7LQ1BzASLlKSm8Enc/EkvXQZ3fE3i6', 'rEuQQNJdgr@student.universityMail.rs', 2, '4');

CREATE TABLE `study` (
  `study_id` int(10) UNSIGNED NOT NULL,
  `title` varchar(255) COLLATE utf8_unicode_ci NOT NULL,
  `titleEnglish` varchar(255) COLLATE utf8_unicode_ci NOT NULL,
  `faculty_id` int(10) UNSIGNED NOT NULL,
  `taughtIn` enum('engleski','srpski') COLLATE utf8_unicode_ci NOT NULL
) ENGINE=InnoDB DEFAULT CHARSET=utf8 COLLATE=utf8_unicode_ci;

INSERT INTO `study` (`study_id`, `title`, `titleEnglish`, `faculty_id`, `taughtIn`) VALUES
(1, 'Пословна економија', 'Business Economics', 1, 'srpski'),
(2, 'Англистика', 'Anglistics', 1, 'srpski'),
(3, 'Туризам, хотелијерство и економија хране', 'Tourism, Hospitality and Food Economics', 2, 'srpski'),
(4, 'Рачунарске науке', 'Computer science', 3, 'srpski'),
(5, 'Информационе технологије', 'Information Technology', 3, 'srpski'),
(6, 'Софтверско и информационо инжењерство', 'Software and Data Engineering', 4, 'srpski'),
(7, 'Физичко васпитање и спорт', 'Physical education and sports', 5, 'srpski'),
(8, 'Менаџмент у спорту', 'Management in sports', 5, 'srpski'),
(9, 'Животна средина и одрживи развој', 'Environment and Sustainable Development', 6, 'srpski'),
(10, 'Пословна економија', 'Business Economics', 1, 'engleski'),
(11, 'Англистика', 'Anglistics', 1, 'engleski'),
(12, 'Туризам, хотелијарство и економија хране', 'Tourism, Hospitality and Food Economics', 2, 'engleski'),
(13, 'Информационе технологије', 'Information Technology', 3, 'engleski'),
(14, 'Софтверско и информационо инжењерство', 'Software and Data Engineering', 4, 'engleski'),
(15, 'Животна средина и одрживи развој', 'Environment and Sustainable Development', 6, 'engleski'),
(16, 'Обновљиви извори енергије', 'Renewable energy sources', 6, 'engleski'),
(17, 'Обновљиви извори енергије', 'Renewable energy sources', 6, 'srpski');

CREATE TABLE `subject` (
  `subject_id` int(10) UNSIGNED NOT NULL,
  `title` varchar(128) COLLATE utf8_unicode_ci NOT NULL,
  `titleEnglish` varchar(128) COLLATE utf8_unicode_ci NOT NULL,
  `professor_id` int(10) UNSIGNED NOT NULL,
  `assistant_id` int(10) UNSIGNED DEFAULT NULL,
  `last_lecture_at` datetime DEFAULT NULL,
  `is_inactive` tinyint(1) UNSIGNED NOT NULL DEFAULT 1
) ENGINE=InnoDB DEFAULT CHARSET=utf8 COLLATE=utf8_unicode_ci;

INSERT INTO `subject` (`subject_id`, `title`, `titleEnglish`, `professor_id`, `assistant_id`, `last_lecture_at`, `is_inactive`) VALUES
(1, 'Рачунарске мреже', 'Computer networks', 48, 81, NULL, 1),
(2, 'Програмирање 1', 'Programming 1', 48, 81, NULL, 1),
(3, 'Програмирање 2', 'Programming 2', 59, 110, NULL, 0),
(4, 'Објектно орјентисано програмирање', 'Object Oriented Programming', 59, 110, NULL, 1),
(5, 'Напредни оперативни системи', 'Advanced operating systems', 59, 110, NULL, 0),
(6, 'Угоститељство', 'Catering', 38, 63, NULL, 1),
(7, 'Планински туризам', 'Mountain tourism', 38, 63, NULL, 1),
(8, 'Спортска рекреација', 'Sports recreation\n', 27, 90, NULL, 1),
(9, 'Пливање', 'Swimming', 27, 90, NULL, 1),
(10, 'Фудбал 1', 'Football 1', 27, 90, NULL, 1),
(11, 'Фудбал 2', 'Football 2', 57, 99, NULL, 1),
(12, 'Статистика', 'Statistics', 79, 75, NULL, 0),
(13, 'Рачуновотство', 'Accounting', 87, 95, NULL, 1),
(14, 'Књиговотство', 'Bookkeeping', 87, 95, NULL, 1),
(15, 'Енглески језик за почетнике', 'English for Beginners', 19, 50, NULL, 1),
(16, 'Рачунарска графика', 'Computer Graphics', 48, 81, NULL, 1),
(17, 'Математика', 'Mathematics', 30, 72, NULL, 1),
(18, 'Природно богатство', 'Natural wealth', 31, 62, NULL, 1),
(19, 'Соларна енегрија', 'Solar energy', 86, 106, NULL, 1),
(20, 'Ветрогенератори', 'Wind turbines', 86, 106, NULL, 1),
(21, 'Хидротурбине', 'Hydroturbine', 86, 108, NULL, 0),
(22, 'Загађивачи', 'Pollutants', 21, NULL, NULL, 1),
(23, 'Геологија', 'Geology', 21, NULL, NULL, 1),
(24, 'Биологија', 'Biology', 32, 106, NULL, 1),
(25, 'Економика хотелијарства', 'Economics of Hospitality', 38, NULL, NULL, 1),
(26, 'Француски језик 1', 'French Language 1', 31, 75, NULL, 1),
(27, 'Кинески језик 1', 'Chinese Language 1', 55, 78, NULL, 1),
(28, 'Турски језик 1', 'Turkish Language 1', 64, 29, NULL, 1),
(29, 'Мађарски језик 1', 'Hungarian language 1', 64, NULL, NULL, 1),
(30, 'Француски језик 2', 'French Language 2', 31, NULL, NULL, 1),
(31, 'Кинески језик 2', 'Chinese Language 2', 104, 28, NULL, 0),
(32, 'Турски језик 2', 'Turkish Language 2', 104, 28, NULL, 0),
(33, 'Мађарски језик 2', 'Hungarian language 2', 64, 75, NULL, 1),
(34, 'Француски језик 3', 'French Language 3', 100, 90, NULL, 1),
(35, 'Кинески језик 3', 'Chinese Language 3', 104, 28, NULL, 0),
(36, 'Турски језик 3', 'Turkish Language 3\nTurkish 3', 104, NULL, NULL, 1),
(37, 'Мађарски језик 3', 'Hungarian language 3', 57, NULL, NULL, 1),
(38, 'Француски језик 4', 'French Language 4', 100, 106, NULL, 1),
(39, 'Кинески језик 4', 'Chinese Language 4', 104, NULL, NULL, 1),
(40, 'Турски језик 4', 'Turkish Language 4', 100, NULL, NULL, 1),
(41, 'Мађарски језик 4', 'Hungarian Language 4', 57, 75, NULL, 0),
(42, 'Менаџмент', 'Management', 30, 65, NULL, 1),
(43, 'Прехрамбена индустрија', 'Food industry', 32, NULL, NULL, 1),
(44, 'Информатика', 'Informatics', 59, 81, NULL, 1),
(45, 'Општа хемија', 'General Chemistry', 21, 108, NULL, 1),
(46, 'Тенис', 'Tennis', 87, 99, NULL, 1),
(47, 'Тимски спортови', 'Team Sports', 24, 60, NULL, 1),
(48, 'Спорстска медицина', 'Sports Medicine', 24, 60, NULL, 1),
(49, 'Технике напредног програмирања', 'Advanced Programming Techniques', 55, 110, NULL, 1),
(50, 'Основе спорстког менаџмента', 'Fundamentals of Sports Management', 38, 75, NULL, 0),
(51, 'Управљање тимом', 'Team Management', 73, 84, NULL, 1),
(52, 'Тактика 1', 'Tactic 1', 87, 92, NULL, 1),
(53, 'Тактика 2', 'Tactics 2', 87, NULL, NULL, 1),
(54, 'Генератори једносменрне струје', 'DC Generators', 61, 17, NULL, 1),
(55, 'Генератори наизменичне струје', 'Alternating current generators', 61, 110, NULL, 1),
(56, 'Увод у ОИЕ', 'Introduction to Renewable Energy', 38, 33, NULL, 1),
(57, 'Основе електротехнике 1', 'Fundamentals of Electrical Engineering 1', 86, NULL, NULL, 1),
(58, 'Основе електротехнике 2', 'Fundamentals of Electrical Engineering 2', 86, 78, NULL, 0),
(59, 'Електроника', 'Electronics', 70, 28, NULL, 1),
(60, 'Рачунарство у облаку', 'Cloud Computing', 30, 81, NULL, 1),
(61, 'Анализа 1', 'Analysis 1', 87, 81, NULL, 1),
(62, 'Анализа 2', 'Analysis 2', 59, 81, NULL, 1),
(63, 'Економија хране', 'Food Economics', 32, 84, NULL, 1),
(64, 'Ресторанско пословање', 'Restaurant business', 38, 108, NULL, 1),
(65, 'Напредни енглески језик 1', 'Advanced English 1', 31, 78, NULL, 1),
(66, 'Напредни енглески језик 2', 'Advanced English 2', 31, 60, NULL, 1),
(67, 'Напредни енглески језик 3', 'Advanced English 3', 19, 75, NULL, 1),
(68, 'Напредни енглески језик 4', 'Advanced English 4', 19, NULL, NULL, 1);
DELIMITER $$
CREATE TRIGGER `subject_ BI` BEFORE INSERT ON `subject` FOR EACH ROW IF NEW.assistant_id NOT IN (SELECT staff_id FROM staff WHERE role = 'assistant') THEN
				SIGNAL SQLSTATE '50001' SET MESSAGE_TEXT = "Staff member is not an assistant!";
END IF
$$
DELIMITER ;
DELIMITER $$
CREATE TRIGGER `subject_BU` BEFORE UPDATE ON `subject` FOR EACH ROW IF NEW.assistant_id NOT IN (SELECT staff_id FROM staff WHERE role = 'assistant') THEN
				SIGNAL SQLSTATE '50001' SET MESSAGE_TEXT = "Staff member is not an assistant!";
END IF
$$
DELIMITER ;

CREATE TABLE `subject_study` (
  `subject_study` int(10) UNSIGNED NOT NULL,
  `study_id` int(10) UNSIGNED NOT NULL,
  `subject_id` int(10) UNSIGNED NOT NULL,
  `year` enum('1','2','3','4') COLLATE utf8_unicode_ci NOT NULL DEFAULT '1'
) ENGINE=InnoDB DEFAULT CHARSET=utf8 COLLATE=utf8_unicode_ci;

INSERT INTO `subject_study` (`subject_study`, `study_id`, `subject_id`, `year`) VALUES
(19, 1, 12, '1'),
(2, 1, 15, '1'),
(6, 1, 31, '1'),
(18, 1, 35, '1'),
(1, 1, 42, '1'),
(79, 1, 65, '1'),
(94, 1, 31, '2'),
(16, 1, 32, '2'),
(11, 1, 40, '2'),
(13, 1, 34, '3'),
(9, 1, 38, '3'),
(22, 1, 51, '4'),
(84, 2, 27, '1'),
(77, 2, 65, '1'),
(92, 2, 31, '3'),
(61, 2, 67, '3'),
(99, 2, 32, '4'),
(33, 2, 35, '4'),
(57, 2, 41, '4'),
(37, 3, 31, '1'),
(82, 3, 65, '1'),
(73, 3, 33, '2'),
(41, 3, 39, '2'),
(88, 3, 27, '3'),
(103, 3, 32, '3'),
(97, 3, 31, '4'),
(105, 3, 35, '4'),
(68, 4, 12, '1'),
(80, 4, 65, '1'),
(28, 4, 5, '2'),
(95, 4, 31, '2'),
(31, 4, 3, '3'),
(49, 4, 57, '3'),
(54, 4, 58, '4'),
(23, 5, 5, '1'),
(78, 5, 65, '1'),
(35, 5, 31, '2'),
(74, 5, 33, '2'),
(93, 5, 31, '3'),
(63, 5, 67, '3'),
(43, 5, 39, '4'),
(60, 5, 41, '4'),
(81, 6, 65, '1'),
(29, 6, 3, '2'),
(26, 6, 5, '3'),
(71, 6, 12, '3'),
(48, 6, 57, '3'),
(89, 6, 58, '3'),
(25, 6, 5, '4'),
(96, 6, 31, '4'),
(53, 6, 58, '4'),
(83, 7, 65, '1'),
(38, 7, 31, '2'),
(40, 7, 39, '3'),
(98, 7, 31, '4'),
(64, 7, 67, '4'),
(65, 8, 50, '1'),
(70, 8, 12, '3'),
(39, 8, 31, '4'),
(67, 10, 12, '1'),
(3, 10, 42, '1'),
(21, 10, 51, '1'),
(4, 10, 15, '2'),
(15, 10, 32, '2'),
(14, 10, 34, '2'),
(12, 10, 40, '2'),
(20, 10, 12, '3'),
(17, 10, 35, '3'),
(8, 10, 38, '3'),
(7, 10, 31, '4'),
(85, 11, 27, '1'),
(34, 11, 31, '2'),
(76, 11, 33, '2'),
(44, 11, 39, '3'),
(100, 11, 32, '4'),
(58, 11, 41, '4'),
(42, 12, 39, '1'),
(72, 12, 33, '2'),
(87, 12, 27, '3'),
(36, 12, 31, '3'),
(102, 12, 32, '3'),
(24, 13, 5, '1'),
(75, 13, 33, '2'),
(86, 13, 27, '3'),
(101, 13, 32, '3'),
(62, 13, 67, '3'),
(59, 13, 41, '4'),
(69, 14, 12, '1'),
(47, 14, 57, '1'),
(30, 14, 3, '2'),
(27, 14, 5, '2'),
(52, 14, 58, '2'),
(45, 16, 57, '1'),
(50, 16, 58, '2'),
(55, 16, 21, '3'),
(46, 17, 57, '1'),
(56, 17, 21, '2'),
(51, 17, 58, '2');


ALTER TABLE `exercise`
  ADD PRIMARY KEY (`exercise_id`) USING BTREE,
  ADD UNIQUE KEY `uq_log_fileName_start_time_end_time` (`log_file_name`,`start_time`,`end_time`) USING BTREE;

ALTER TABLE `faculty`
  ADD PRIMARY KEY (`faculty_id`) USING BTREE,
  ADD UNIQUE KEY `uq_title_titleEnglish` (`title`,`titleEnglish`) USING BTREE;

ALTER TABLE `lecture`
  ADD PRIMARY KEY (`lecture_id`),
  ADD UNIQUE KEY `uq_log_fileName_start_time_end_time` (`log_file_name`,`start_time`,`end_time`) USING BTREE;

ALTER TABLE `staff`
  ADD PRIMARY KEY (`staff_id`),
  ADD UNIQUE KEY `uq_email_role` (`email`,`role`) USING BTREE;

ALTER TABLE `student`
  ADD PRIMARY KEY (`student_id`) USING BTREE,
  ADD UNIQUE KEY `uq_indexNo_studentEmail_study_id_enrolled_year` (`indexNo`,`studentEmail`,`study_id`,`enrolledYear`) USING BTREE;

ALTER TABLE `study`
  ADD PRIMARY KEY (`study_id`) USING BTREE,
  ADD UNIQUE KEY `uq_title_titleEnglish_taughtIn` (`title`,`titleEnglish`,`taughtIn`) USING BTREE,
  ADD KEY `fk_study_faculty_id_faculty_faculty_id` (`faculty_id`);

ALTER TABLE `subject`
  ADD PRIMARY KEY (`subject_id`) USING BTREE,
  ADD UNIQUE KEY `uq_title_titleEnglish` (`title`,`titleEnglish`) USING BTREE,
  ADD KEY `fk_subject_professor_id_staff_staff_id` (`professor_id`),
  ADD KEY `fk_subject_assistant_id_staff_staff_id` (`assistant_id`);

ALTER TABLE `subject_study`
  ADD PRIMARY KEY (`subject_study`),
  ADD UNIQUE KEY `uq_subject_id_study_id_year` (`study_id`,`year`,`subject_id`) USING BTREE,
  ADD KEY `fk_subject_study_subject_id_subject_subject_id` (`subject_id`);


ALTER TABLE `exercise`
  MODIFY `exercise_id` int(10) UNSIGNED NOT NULL AUTO_INCREMENT, AUTO_INCREMENT=29;

ALTER TABLE `faculty`
  MODIFY `faculty_id` int(10) UNSIGNED NOT NULL AUTO_INCREMENT, AUTO_INCREMENT=8;

ALTER TABLE `lecture`
  MODIFY `lecture_id` int(10) UNSIGNED NOT NULL AUTO_INCREMENT, AUTO_INCREMENT=41;

ALTER TABLE `staff`
  MODIFY `staff_id` int(10) UNSIGNED NOT NULL AUTO_INCREMENT, AUTO_INCREMENT=694;

ALTER TABLE `student`
  MODIFY `student_id` int(10) UNSIGNED NOT NULL AUTO_INCREMENT, AUTO_INCREMENT=201;

ALTER TABLE `study`
  MODIFY `study_id` int(10) UNSIGNED NOT NULL AUTO_INCREMENT, AUTO_INCREMENT=22;

ALTER TABLE `subject`
  MODIFY `subject_id` int(10) UNSIGNED NOT NULL AUTO_INCREMENT, AUTO_INCREMENT=69;

ALTER TABLE `subject_study`
  MODIFY `subject_study` int(10) UNSIGNED NOT NULL AUTO_INCREMENT, AUTO_INCREMENT=106;


ALTER TABLE `study`
  ADD CONSTRAINT `fk_study_faculty_id_faculty_faculty_id` FOREIGN KEY (`faculty_id`) REFERENCES `faculty` (`faculty_id`) ON UPDATE CASCADE;

ALTER TABLE `subject`
  ADD CONSTRAINT `fk_subject_assistant_id_staff_staff_id` FOREIGN KEY (`assistant_id`) REFERENCES `staff` (`staff_id`) ON UPDATE CASCADE,
  ADD CONSTRAINT `fk_subject_professor_id_staff_staff_id` FOREIGN KEY (`professor_id`) REFERENCES `staff` (`staff_id`) ON UPDATE CASCADE;

ALTER TABLE `subject_study`
  ADD CONSTRAINT `fk_subject_study_study_id_study_study_id` FOREIGN KEY (`study_id`) REFERENCES `study` (`study_id`) ON UPDATE CASCADE,
  ADD CONSTRAINT `fk_subject_study_subject_id_subject_subject_id` FOREIGN KEY (`subject_id`) REFERENCES `subject` (`subject_id`) ON UPDATE CASCADE;
COMMIT;

/*!40101 SET CHARACTER_SET_CLIENT=@OLD_CHARACTER_SET_CLIENT */;
/*!40101 SET CHARACTER_SET_RESULTS=@OLD_CHARACTER_SET_RESULTS */;
/*!40101 SET COLLATION_CONNECTION=@OLD_COLLATION_CONNECTION */;
